emd,ewt,ssa,swt,vmd
0.01301454,0.010712702,0.014791019,0.0310844454555009,0.015665734
0.0145398155,0.010731041,0.013747195,0.0179555654153408,0.019630913
0.014491161,0.00992251,0.014007904,0.0141491984933596,0.019614652
0.014005253,0.010559473,0.014438579,0.0151110548655949,0.015221288
0.017448522,0.010415267,0.018714214,0.0165557822605014,0.01600739
0.0149336755,0.012007039,0.01575314,0.0156658910643087,0.020569911
0.018061068,0.011165056,0.013674231,0.0143037728744842,0.018948738
0.013847597,0.010233862,0.016182605,0.0158941671906518,0.01671231
0.016943809,0.0127821695,0.015815925,0.016980815348983,0.016763648
0.023904733,0.01170129,0.019344456,0.0195359371301604,0.016837683
0.015628178,0.014227796,0.021008987,0.0203945900307542,0.018595023
0.016495388,0.014439182,0.013828041,0.0172180118689338,0.016766023
0.015067093,0.011576885,0.014639931,0.0162218760041849,0.016299875
0.020185104,0.011163846,0.041430186,0.0313392618063271,0.03157395
0.036382075,0.030624148,0.053205073,0.0510530628904514,0.04701965
0.04335594,0.035107594,0.04989066,0.0482294743175396,0.04654592
0.048996776,0.03089368,0.048377737,0.0450029266626841,0.04274563
0.035136767,0.031044519,0.039720226,0.0419814879681445,0.049748033
0.039879385,0.030148646,0.058311347,0.0499864545958976,0.046514653
0.058190994,0.045673247,0.04570984,0.0486939481103782,0.0490142
0.037589658,0.038608205,0.044845123,0.04380363991828,0.046862744
0.046440814,0.042581,0.04632574,0.0436362833696659,0.0478235
0.04628189,0.040530756,0.038689177,0.0424948187882362,0.042953797
0.04029496,0.037406735,0.03871351,0.0396492608205201,0.037815753
0.040167443,0.035917312,0.037849117,0.0392798456912267,0.03653261
0.036885057,0.033901505,0.027680602,0.0300467161917818,0.034701284
0.02479077,0.029249681,0.024731847,0.0259534273129604,0.030156892
0.02373832,0.023616271,0.024965476,0.0261193704436771,0.02737355
0.03319984,0.023019478,0.02209751,0.0233995743713474,0.026303558
0.018407892,0.02038533,0.021498157,0.0233548339946829,0.021761848
0.023349311,0.020160085,0.020395689,0.0224863442623346,0.023595126
0.038789775,0.018078923,0.0216507,0.0221931793982761,0.023343794
0.02347651,0.019691966,0.022149488,0.0229721121218423,0.02538293
0.042288955,0.01823083,0.024355315,0.023987087072139,0.044713147
0.027396286,0.021030016,0.024289954,0.0246467257055123,0.026818449
0.034273874,0.019558571,0.024563553,0.0218132899685453,0.024986679
0.041891076,0.018985212,0.023371313,0.0198800879014316,0.027954338
0.020281784,0.014593061,0.013204649,0.0185730589513609,0.01983641
0.0225918,0.016205357,0.0153017845,0.0176226110608223,0.017397707
0.017004525,0.013362005,0.016359719,0.0159202606321375,0.016376633
0.016660979,0.013904294,0.014836919,0.0154282168319373,0.0169618
0.026843164,0.01159744,0.01376264,0.0158460469923159,0.01572536
0.027944285,0.013851611,0.011681892,0.0148198824739295,0.009749755
0.02043861,0.010552833,0.019116582,0.0144028051013397,0.007994097
0.018697295,0.013053136,0.010740444,0.0181866503405868,0.009213209
0.03769118,0.009894539,0.021346055,0.0374361717177762,0.03480121
0.1541816,0.018167548,0.14729397,0.1111411091838234,0.14653182
0.068988405,0.100731745,0.028264523,0.0282854515887033,0.021381367
0.03639648,0.02941497,0.011128459,0.0195318355459509,0.02275948
0.056893177,0.024858791,0.04109777,0.0386882157239462,0.0399944
0.060125273,0.040961422,0.101520926,0.0926253160049846,0.05358617
0.06620809,0.07165306,0.042752724,0.0445079289344013,0.049227554
0.08464985,0.043714855,0.04188063,0.0422521643231519,0.032559313
0.045238424,0.041014124,0.04240145,0.0429652695289546,0.03413553
0.037456233,0.0405397,0.040445928,0.0432613758870838,0.04187121
0.043930955,0.03678202,0.026523622,0.0351919995775581,0.037409134
0.042565234,0.027391916,0.020615887,0.0263947884575501,0.020011356
0.04339134,0.025022311,0.01840508,0.0223869326602553,0.018824922
0.033309422,0.026510257,0.022507232,0.0227712704548816,0.030862812
0.028238405,0.021488532,0.025007742,0.0279687640313603,0.03170635
0.03296151,0.025865296,0.024360823,0.0281948755423768,0.02719236
0.028641004,0.024745902,0.024075273,0.0247796157331629,0.025639124
0.018084008,0.024717975,0.024529083,0.0240878379991176,0.026164675
0.02347842,0.022413932,0.025497288,0.0250141210113741,0.02486127
0.029062519,0.023528563,0.024859738,0.0246847729734998,0.022604002
0.022137735,0.022248982,0.023936562,0.02426967604545,0.020807352
0.02217129,0.023495082,0.02349116,0.024284152785154,0.027315378
0.024976935,0.022918453,0.026866453,0.0246178854603251,0.030571101
0.027423272,0.024105757,0.028298626,0.025521923753334,0.026945995
0.027454825,0.023621816,0.027117152,0.0286170360935251,0.02545455
0.030476771,0.028194644,0.03043631,0.0317519013859559,0.03279932
0.03499793,0.027659316,0.028128318,0.0281457932390046,0.02814702
0.033386238,0.02707178,0.030083368,0.0294089336709324,0.022446923
0.035021327,0.02768882,0.03197422,0.0312993585361938,0.032363314
0.033818457,0.030398201,0.030661408,0.030937616295013,0.03443419
0.032600332,0.029299904,0.030163337,0.0306707115730724,0.032282427
0.046505973,0.032115392,0.02875711,0.0298569630173245,0.03275539
0.035009906,0.028682344,0.031324234,0.0286343626446352,0.024629282
0.032002088,0.030089095,0.026561398,0.029962970860374,0.03274045
0.03774818,0.026395738,0.037943978,0.0491975284341929,0.051401418
0.09009243,0.03547806,0.15759014,0.1254369938332282,0.12732708
0.07621405,0.117152065,0.05885668,0.0589529218651657,0.0912172
0.07664393,0.05512376,0.06180136,0.0640836965820602,0.06061458
0.05203574,0.057306338,0.059823513,0.0580559226674955,0.04925356
0.038775213,0.056967266,0.053220835,0.0544402109378173,0.040747605
0.05173487,0.05423974,0.054192442,0.0546134043059279,0.05017186
0.05994553,0.058801286,0.060480546,0.0558992765395033,0.055947676
0.048566528,0.056142293,0.058482047,0.0551527430732433,0.04896313
0.0836321,0.06527292,0.05201822,0.0531584638559823,0.046962928
0.057466585,0.05734255,0.058093037,0.0761209350827209,0.06049039
0.063338324,0.062548146,0.12489029,0.1064293489912915,0.07285473
0.100675926,0.10376903,0.05037327,0.0573591933901238,0.06472076
0.03811054,0.061617427,0.03325277,0.0400993433830338,0.057984773
0.05048461,0.045894716,0.040856905,0.0448774963739558,0.0739721
0.07441718,0.049711805,0.12445402,0.1149761856601026,0.08789117
0.05045383,0.106758855,0.04984547,0.0518844511030211,0.06314877
0.051166482,0.059860222,0.045907896,0.0500435048341011,0.04649609
0.05953742,0.058489628,0.042203654,0.0479571436960597,0.04111755
0.034906413,0.045829173,0.040157203,0.0440919371405414,0.03573779
0.03675805,0.047756895,0.03982368,0.0450276956187158,0.03379858
0.046962433,0.045421246,0.037900724,0.0409260238776609,0.027717825
0.03627986,0.042210605,0.035369225,0.0376928093304972,0.04797046
0.045337427,0.046976175,0.06467836,0.051680312163173,0.07215108
0.052490253,0.061296392,0.059596453,0.0721411034281532,0.06637149
0.047928866,0.05736948,0.048131727,0.0531666439848273,0.046143685
0.05681056,0.04976455,0.07252978,0.0677454975721844,0.05464993
0.06928535,0.068421625,0.07724178,0.0767112098163877,0.07700801
0.06820286,0.067880064,0.07419653,0.0702073894763675,0.07358945
0.07314207,0.06812853,0.07045691,0.0674465422777073,0.057399463
0.0662455,0.06651044,0.065819226,0.0642390814277134,0.054667745
0.06102839,0.07158421,0.047099728,0.0574723169702371,0.05972756
0.045145366,0.056804586,0.03964254,0.0444877980524688,0.03884984
0.03586766,0.04552785,0.020888908,0.0308539343809628,0.034106348
0.008553728,0.029898504,0.019978503,0.0273939074835519,0.02635641
0.025531324,0.03236826,0.051168438,0.0519474979835811,0.04607505
0.05384919,0.053030044,0.054682646,0.061274025053102,0.081102006
0.07086781,0.055497702,0.055579986,0.0503847609044918,0.06555094
0.033189546,0.051059105,0.031513695,0.0304353417650577,0.047297634
0.030453077,0.033864934,0.026111094,0.0221504341164992,0.02522258
0.019599076,0.030188894,0.024336746,0.0251056593270204,0.03660187
0.020535203,0.029208843,0.01716928,0.0235269334420747,0.022630239
0.029220505,0.029601406,0.01575662,0.0221619152270507,0.02014041
0.028700924,0.030640021,0.016249059,0.0229035991077111,0.018641435
0.025906611,0.028220247,0.031083927,0.0329676818400758,0.030566696
0.044783548,0.038339365,0.054735053,0.0518946072446465,0.03332961
0.045065343,0.046441976,0.026962793,0.031770620669623,0.021621613
0.0070617846,0.032507837,0.025681958,0.0278617593913742,0.024356898
0.036268163,0.033850607,0.06845146,0.0628087970207426,0.08903693
0.16785972,0.05801099,0.22224241,0.1592755551438383,0.15185875
0.1805194,0.1574714,0.21940115,0.217101203828725,0.16179761
0.16661271,0.14138485,0.16008887,0.1504080521503933,0.1363159
0.13942625,0.10889693,0.15760176,0.1360597761187031,0.14434662
0.072942205,0.1257848,0.11711749,0.1208848072304606,0.11663376
0.10139978,0.10443635,0.065935805,0.0828689165746505,0.08105028
0.0707076,0.077984884,0.069251016,0.0653644264563598,0.066249296
0.07924966,0.08454159,0.061297916,0.0693032420922915,0.069574594
0.044082254,0.08463806,0.07277131,0.0705571972506806,0.050987188
0.06705794,0.086293355,0.040483885,0.0630132732654324,0.058754448
0.027191736,0.06381653,0.07261619,0.0805154310131027,0.060228147
0.15023468,0.07691128,0.17218637,0.1629554300508409,0.09543618
0.13308448,0.15670307,0.08190935,0.0892104919922383,0.09067906
0.058006793,0.092939235,0.101151966,0.1011402787504488,0.10652637
0.08613877,0.0968873,0.087155044,0.0839827424068421,0.105681255
0.09911589,0.08322263,0.08171564,0.0795340923554402,0.09558397
0.060076393,0.087604314,0.062091887,0.0661642170971172,0.0712062
0.074298,0.06612594,0.05575182,0.0585052654892682,0.05445899
0.048956454,0.06953268,0.058445215,0.0641185385045963,0.0627131
0.07140697,0.0709549,0.059482414,0.0520052761121121,0.047110125
0.054488204,0.068617016,0.029284451,0.0508983440288152,0.0478552
0.019794073,0.049078345,0.037293483,0.0399721495556712,0.034442995
0.05123467,0.049698748,0.040768154,0.0449143071933234,0.030951275
0.041014094,0.050250962,0.040182993,0.0391702859873374,0.041745834
0.039433002,0.048852567,0.04366379,0.0465109750172481,0.047964368
0.048003957,0.051044345,0.054176446,0.0539326939421116,0.0539976
0.046763487,0.05684322,0.04632819,0.0484425980372419,0.052451424
0.044614766,0.053712156,0.050739832,0.0467409654383478,0.05052171
0.056375615,0.050390355,0.07052569,0.0678997710606257,0.057346657
0.06656795,0.07297733,0.07017378,0.0726679908251844,0.06482561
0.058076214,0.06861127,0.059220884,0.0578415597633619,0.0549845
0.0497774,0.058867358,0.06089875,0.0574870213331938,0.04819484
0.05852674,0.06614037,0.04947712,0.0525307982269289,0.050814074
0.06215426,0.056158457,0.055406913,0.0556476543506813,0.048077025
0.058336753,0.061401695,0.05945614,0.0584851539171193,0.061102804
0.056855995,0.06460839,0.057637833,0.0573853446354815,0.06316452
0.05586513,0.06450252,0.058329865,0.0584481093936527,0.058830403
0.05767229,0.06294627,0.0556493,0.0584908236953711,0.061625294
0.05692607,0.062567756,0.057791445,0.0627588114516735,0.077886045
0.10162881,0.06292968,0.10013599,0.0897687199686211,0.09720392
0.070390366,0.09601966,0.052753776,0.056306589236064,0.07226472
0.056110468,0.061210185,0.04515098,0.0452231787015654,0.047652934
0.0573315,0.05638063,0.04654149,0.0471571599994943,0.040774446
0.050459195,0.05707924,0.039723456,0.0422288359828192,0.037961468
0.064961284,0.05214261,0.047271755,0.0487921419393412,0.044807673
0.052863974,0.054972414,0.06784699,0.0674409107951998,0.05351095
0.042231392,0.067644425,0.06982188,0.0700000400131057,0.056760546
0.062408183,0.06871117,0.06465156,0.0648488231759088,0.05803231
0.07838871,0.057468787,0.07586991,0.0699135868175635,0.068566255
0.04833536,0.07201309,0.081308186,0.080845558846173,0.073523544
0.067344055,0.07565064,0.08439959,0.0915046765885159,0.091288984
0.12119211,0.07907262,0.14800489,0.1359683051366604,0.14050809
0.13157113,0.12813595,0.15062134,0.1495800662973297,0.14900507
0.1022824,0.12249359,0.0961244,0.0980208223109194,0.09957284
0.06437831,0.08641492,0.056254048,0.0614449947788093,0.07014577
0.04745069,0.06354541,0.051152352,0.048473150846218,0.049529966
0.060937393,0.06259056,0.03807816,0.0431713761972578,0.054054353
0.03781765,0.048736654,0.040752914,0.043072043541868,0.044276915
0.043272115,0.05379875,0.047409773,0.0484029935119069,0.054617055
0.04276945,0.05654655,0.036357574,0.0426761983907898,0.04650456
0.043580458,0.04854424,0.035787925,0.0348330883824238,0.040951516
0.040005654,0.04510416,0.04187468,0.0385876273262398,0.04037124
0.039509725,0.046567753,0.04067331,0.0416396227854928,0.039018847
0.037047055,0.047973853,0.037997205,0.0388373555656893,0.041673724
0.036608465,0.04314783,0.03776952,0.0383220281768197,0.047526214
0.04176789,0.042584427,0.04201861,0.0401322307447777,0.04749769
0.04169209,0.045278113,0.043021135,0.0429181417745023,0.04097005
0.03957617,0.046144083,0.04316255,0.0428795737098018,0.042238303
0.040420435,0.044638507,0.041380223,0.0424882652669807,0.0416448
0.044931453,0.044109233,0.044261396,0.0441504942513381,0.040248528
0.046946894,0.04711108,0.045255903,0.0444879418737868,0.042516384
0.040683605,0.046002947,0.035773918,0.0391400655838324,0.042943884
0.038697995,0.039508626,0.03694887,0.0359995129070089,0.031612273
0.040867306,0.04106509,0.035062816,0.035981851191074,0.039022017
0.036085635,0.03940254,0.035408538,0.0358336959225667,0.036097202
0.034882184,0.039637014,0.035369236,0.0356744614676455,0.03469054
0.03592936,0.038746286,0.035926633,0.0363339007801881,0.0354287
0.042212915,0.03891503,0.042252164,0.0410093313078356,0.03731942
0.03623548,0.04288726,0.04105479,0.043008336181991,0.045766752
0.047644418,0.041877154,0.036472842,0.0375495353898037,0.035025828
0.034965996,0.03785256,0.03672728,0.0362399103571678,0.031783715
0.059528094,0.038764488,0.036403637,0.0364305630896577,0.03881181
0.036981165,0.037900433,0.036075052,0.036442440547985,0.037667036
0.04822805,0.03820721,0.036891412,0.0366716043553895,0.035377406
0.04398846,0.038898475,0.03685743,0.0367762290135206,0.034083642
0.038626246,0.03867702,0.03719856,0.0385687574536191,0.039210383
0.041562818,0.038548265,0.045756247,0.0439637654118776,0.059477497
0.07389981,0.046268243,0.04146953,0.0445597556038207,0.075217605
0.037987698,0.042197887,0.0511547,0.0426757584039372,0.040499628
0.044167005,0.0407585,0.04352807,0.0421548513443693,0.042953763
0.06643285,0.041726626,0.04183808,0.0425840397967887,0.0548281
0.04655469,0.042291477,0.03280211,0.0423077176756461,0.041507006
0.048245978,0.043197233,0.033819456,0.0387330917968964,0.03234558
0.03505383,0.03740011,0.039524555,0.0378284023180775,0.022779983
0.05490781,0.04005675,0.050489627,0.0477998834624749,0.047260083
0.101398885,0.04983298,0.038520306,0.0424309575745635,0.048550777
0.03792751,0.042778082,0.03872287,0.0401687144530607,0.037609555
0.046563864,0.040349595,0.033815566,0.0367579511672304,0.029473674
0.033971068,0.033999044,0.030099649,0.0364112224627278,0.049025506
0.0986836,0.027540548,0.084366925,0.0695986600978976,0.12772582
0.20443189,0.08221758,0.22577718,0.18611871104132,0.23044927
0.13674945,0.17449246,0.17816289,0.1570514407147541,0.15454511
0.057158433,0.10858099,0.025547061,0.0509519461568187,0.0563255
0.05245339,0.01311334,0.020972298,0.0127449835472908,0.02555368
0.05010087,0.042998575,0.025076726,0.0295215068875159,0.02218765
0.04892461,0.019349089,0.022722226,0.0200998975571224,0.018948901
0.047748353,0.02104713,0.022383047,0.02146582202688,0.026872406
0.054239005,0.024345307,0.033957303,0.0252801091185915,0.01818638
0.028294904,0.029591255,0.020191887,0.0266755450766734,0.021785203
0.019404558,0.024882669,0.028737891,0.0279979623189922,0.025955837
0.013423493,0.02635408,0.01917801,0.0318821550289208,0.023017582
0.030662097,0.022744374,0.06765144,0.0624293859292448,0.062897146
0.13443322,0.058447078,0.21239248,0.1638188416284327,0.15736522
0.14311543,0.16931236,0.21829493,0.2097996396910127,0.22368434
0.21162184,0.1313364,0.20822394,0.1661245475428521,0.18733293
0.060803983,0.108419515,0.027701937,0.0555840358312322,0.031414658
0.000726882,0.065760456,0.019237738,0.0076408647096427,0.02886727
0.017989926,0.023101399,0.017576173,0.0149300176466078,0.017650716
0.01614897,0.014855767,0.008448096,0.0160786915974253,0.011259235
0.014308013,0.01810675,0.0100949425,0.0132622796695532,0.007989122
0.016094733,0.015505111,0.012967106,0.0126917901282126,0.0037945227
0.017881453,0.014172217,0.0109420605,0.0098747583444337,0.012726974
0.0048772558,0.011962488,0.015372373,0.0110141928495278,0.009638718
0.007787864,0.0119267795,0.014355434,0.0173627912408115,0.0065504625
0.01987072,0.0154896155,0.016165491,0.0152595979834925,0.018437933
0.010374825,0.011853257,0.014527036,0.0147864058702078,0.04180095
0.016286323,0.013600148,0.019867843,0.0167070068017631,0.020504959
0.027536256,0.013727387,0.020470548,0.0194868817892861,0.016769012
0.02820734,0.017542748,0.021564739,0.0203092945832629,0.02305814
0.022048727,0.01446096,0.018501032,0.0196496731585898,0.02136345
0.02110232,0.015258636,0.018917236,0.0197602928049246,0.013765123
0.019217178,0.014975147,0.01973036,0.0197906035233644,0.0144020915
0.02030486,0.016104715,0.016291652,0.0180784449178725,0.018739752
0.021076364,0.013908263,0.015636254,0.0159304387922383,0.01548164
0.016460286,0.012292933,0.014838329,0.0146203095761591,0.010673165
0.019358456,0.011723077,0.014426596,0.0149893745257808,0.011009954
0.018061148,0.012067806,0.015574252,0.0150977239602429,0.013164634
0.014522977,0.011672538,0.014297487,0.0150928263181918,0.01763213
0.015926085,0.011603007,0.015148038,0.0149959653614433,0.018386874
0.015841264,0.0113824885,0.01504763,0.015146728497327,0.016827257
0.01696581,0.011485666,0.015863484,0.0157488716727697,0.01804781
0.015814189,0.011998966,0.020498486,0.019251256990529,0.018499322
0.017899537,0.0151646845,0.018791813,0.0180998327698492,0.022026947
0.011963798,0.012974434,0.015145447,0.0158703159465305,0.01434763
0.0134904925,0.011078026,0.01454488,0.0147122406678977,0.013537005
0.015479153,0.011508521,0.014797844,0.0150021617280761,0.016199006
0.015205886,0.011176487,0.014641164,0.0148842082469842,0.013732448
0.014435457,0.011028837,0.014664158,0.0148259082278159,0.012921162
0.015147885,0.011149639,0.01452994,0.0149072823840635,0.013974989
0.015130477,0.011109853,0.015991922,0.0163860221524578,0.015489353
0.015060296,0.0119728185,0.019694788,0.0189477075059539,0.01814994
0.016562361,0.014386764,0.02045181,0.0205144538821628,0.021220274
0.018666744,0.013871394,0.019993927,0.0196278583289626,0.022037689
0.018923916,0.013403298,0.020090425,0.019411088181745,0.02117554
0.020013833,0.014122292,0.020576991,0.0194043460403111,0.019587366
0.019338414,0.014804656,0.017326355,0.0179993559926629,0.01791756
0.01453051,0.013147723,0.014808675,0.0159330668060889,0.015207319
0.014069492,0.011151714,0.014615748,0.014608879410989,0.015372256
0.015515266,0.011002189,0.014578113,0.0149310698069743,0.015526963
0.015360232,0.011131303,0.014735309,0.0151618934880124,0.015568953
0.015266657,0.011173388,0.0150174815,0.015194593475342,0.015000496
0.014973661,0.010987852,0.014984982,0.0150750338667775,0.014978873
0.014779815,0.010978309,0.015057279,0.0157363072165258,0.0166292
0.014689943,0.01094343,0.020220099,0.0184741299046288,0.019809118
0.023631262,0.015015012,0.026304364,0.0248843822035734,0.024688471
0.02282105,0.01786546,0.024304627,0.0237591605328521,0.023852866
0.02521821,0.015726516,0.018859096,0.0193461854705182,0.021975238
0.015566055,0.012724359,0.018990953,0.0181319265312026,0.017116236
0.028383762,0.014270332,0.018181117,0.0182718029268279,0.018930985
0.019835575,0.013585629,0.0155400075,0.0162433781412089,0.015874738
0.02234784,0.011412904,0.014254421,0.0152749318331381,0.014353637
0.017777067,0.012030909,0.018834017,0.0184435744852777,0.017111016
0.021938728,0.015091078,0.023832018,0.0231817423256114,0.023976685
0.021720871,0.017825244,0.020582842,0.0215972431175668,0.029178955
0.017569603,0.015210656,0.024680752,0.0230491430227565,0.035002768
0.037219957,0.017169999,0.025140842,0.0261348349387508,0.028061047
0.053700585,0.020125605,0.026060663,0.0264923273304401,0.030560616
0.031970847,0.020526653,0.02739612,0.0257631127323586,0.030106857
0.029197183,0.020120567,0.023229623,0.0264880462162,0.024939815
0.028876076,0.023561232,0.027530132,0.0285140162150881,0.020621153
0.036234856,0.024342377,0.026418252,0.0267395696382801,0.027407678
0.028807277,0.022184512,0.02254952,0.0241145761524768,0.02573849
0.029070653,0.018170463,0.02233894,0.0226617611260269,0.022208747
0.028998462,0.020886658,0.021588614,0.0222235579074202,0.026792161
0.025528086,0.018187895,0.024758672,0.0215251345942306,0.025812078
0.024732467,0.01955679,0.01891107,0.0238222096067938,0.040018
0.05435837,0.017475765,0.029071096,0.0415209613892476,0.054221287
0.08096887,0.021992397,0.1375004,0.1062066895858397,0.061734445
0.08414014,0.106137365,0.052805375,0.0466721676678337,0.047266558
0.058313783,0.036810488,0.03605335,0.0372200452197736,0.030122532
0.043855995,0.03233755,0.019099426,0.0175638738511797,0.026881563
0.02231652,0.019518103,0.02097629,0.0201504072697533,0.030265996
0.027028661,0.018906355,0.039298963,0.0371612608219614,0.012183575
0.052687522,0.03611807,0.039054222,0.038952912598594,0.03268297
0.029085772,0.03470506,0.03891331,0.0425643870005292,0.024010751
0.032686356,0.037382085,0.041324656,0.0464696963561333,0.049597044
0.040062346,0.032227606,0.04206628,0.051993075792031,0.06107668
0.111132674,0.034035124,0.13828786,0.0948103572176281,0.11700488
0.15847234,0.10491265,0.20836988,0.1883488318297208,0.16467747
0.15412885,0.14195943,0.1955326,0.181690318218235,0.16870059
0.14290138,0.119296715,0.09657949,0.1033556932064641,0.13335283
0.054294217,0.05891152,0.086410694,0.0745849556071151,0.049401704
0.05437413,0.08025828,0.08046018,0.0785666444899962,0.084686555
0.06905488,0.0697953,0.07008565,0.0753155867302748,0.08673654
0.115995705,0.063665695,0.12848578,0.1092440805789707,0.06546952
0.12057418,0.123042524,0.06139126,0.0874396187197885,0.08115536
0.06069903,0.07242059,0.05512928,0.0666101302712808,0.070443705
0.054586515,0.07062989,0.029934011,0.0438754293616794,0.05912913
0.035816554,0.021868644,0.043329623,0.0440780722429067,0.03708529
0.03988985,0.050990697,0.03809757,0.0484014161718964,0.043263614
0.054731973,0.040514216,0.04571873,0.0450713322128499,0.057006035
0.03588784,0.0450259,0.04236546,0.0448671242374675,0.07646222
0.033742752,0.042536106,0.042925905,0.0435344309867909,0.06661948
0.048538886,0.04103171,0.052899275,0.0355032732950621,0.038592096
0.051917054,0.045642268,0.028264074,0.0426613736678345,0.04674604
0.033954907,0.023458643,0.025077278,0.0246088518326119,0.021332158
0.026236264,0.027492847,0.03466013,0.0275999227400992,0.03417969
0.028353868,0.025700094,0.02428491,0.0279056555894781,0.02453451
0.022511795,0.030185465,0.022812823,0.0266809930368567,0.023626514
0.02777795,0.025882026,0.018817503,0.0229726091372587,0.017473951
0.01981035,0.024469474,0.021736277,0.0212909036577715,0.01173811
0.026144639,0.020936754,0.020959692,0.0205377411263107,0.008342335
0.033114396,0.022903161,0.020023018,0.0303450484560211,0.025255088
0.071755305,0.019857775,0.066547155,0.0568003919392966,0.050971244
0.101843275,0.055849332,0.120938174,0.1151347330635856,0.093145326
0.11028584,0.08826528,0.06427925,0.0638534178668786,0.063860536
0.0699683,0.043197878,0.12940188,0.1039398240107396,0.09663916
0.07231749,0.09887625,0.058744114,0.0627844662678702,0.055665817
0.06746017,0.040600773,0.11336138,0.0863303427816066,0.10678644
0.060675893,0.10824571,0.022055512,0.0450095297133511,0.036587086
0.040759776,0.01980849,0.016766619,0.0245853593704423,0.026635995
0.016615687,0.030585134,0.014760489,0.0244227837083635,0.025984585
0.012104462,0.021288404,0.013690904,0.0187765664080341,0.014902331
0.0075932364,0.030295279,0.013413912,0.019750575351889,0.01192206
0.02029766,0.024246162,0.021705879,0.0215300532857707,0.0020513495
0.044004142,0.020586913,0.026385391,0.0270003097800849,0.029607687
0.044235237,0.03019137,0.037036818,0.0307680778131331,0.037882827
0.030756071,0.029324746,0.032411903,0.0357207279909221,0.03457406
0.019040126,0.030571092,0.03352022,0.0336871213814166,0.034742754
0.027545871,0.028050425,0.03366401,0.0326577560838582,0.043046232
0.030440465,0.031782914,0.03817396,0.0333061593272706,0.034489438
0.03370304,0.033010643,0.03573912,0.034131778532763,0.03601669
0.031679325,0.034299858,0.039515395,0.0368315411519898,0.034743425
0.06440324,0.040796515,0.03410649,0.0383980275727304,0.046835296
0.027194045,0.03746463,0.035902668,0.0353860949373467,0.029619785
0.03619813,0.03623589,0.034950107,0.0349225501986539,0.0330324
0.033299834,0.03725007,0.033653222,0.0346778169816577,0.027805889
0.033209577,0.036679108,0.038758595,0.0347338401820078,0.024882732
0.045804415,0.03615346,0.037877623,0.0365353236452098,0.032348797
0.040030975,0.039516706,0.033541035,0.0383639077029416,0.039880816
0.038272582,0.038013678,0.03605537,0.0493683242036534,0.043384016
0.09924162,0.03817335,0.11161957,0.0920294758268749,0.07209056
0.075729996,0.09803766,0.050940365,0.0484061302364636,0.08603413
0.043581795,0.050033677,0.05910836,0.0621054149461311,0.060329784
0.033728972,0.057915997,0.062625825,0.0593576570082356,0.052167065
0.049426027,0.05926642,0.057043005,0.0511902226476288,0.05527058
0.061755553,0.05783479,0.054098565,0.06139259592409,0.070837185
0.074831724,0.060379095,0.111440174,0.1028990395597921,0.10456687
0.040360603,0.109670006,0.035533104,0.0564730753333937,0.038737644
0.05506453,0.05122706,0.018614786,0.0203883819279086,0.032053407
0.036135383,0.03103035,0.023102568,0.032550467575567,0.024804918
0.041829538,0.031873748,0.017114514,0.020329043850161,0.018786259
0.015856912,0.026616367,0.011810141,0.017101283684005,0.015327092
0.020543538,0.023450706,0.019461928,0.0171839506003648,0.023861572
0.026611868,0.020424392,0.0159809,0.0151380209900582,0.023922803
0.014785752,0.024820652,0.015830403,0.0156711584058973,0.023373123
0.018857738,0.020098975,0.019093558,0.0170892441745502,0.018111825
0.025077252,0.020939479,0.021518284,0.0213414690500111,0.016997594
0.035695024,0.023252714,0.021126712,0.0223278355902346,0.026420586
0.024024377,0.023719989,0.018926475,0.0190964888506761,0.038212955
0.017829122,0.020401645,0.018000398,0.0182662276885391,0.017610932
0.019851873,0.022009484,0.019881647,0.0185096479416615,0.023109687
0.021430844,0.020959375,0.016117426,0.0179949258136596,0.01899268
0.024109272,0.020948676,0.013123417,0.0180562042005837,0.018099489
0.019910859,0.021267882,0.024730258,0.0198155123799678,0.009579688
0.024351185,0.023385173,0.02847433,0.0215582952897948,0.018025434
0.017410124,0.023533193,0.022683786,0.0233678978409861,0.02356141
0.037725408,0.024748977,0.024781419,0.0268123699584653,0.02593207
0.03957559,0.027267167,0.023178382,0.0274063606311978,0.020575576
0.030075135,0.026734939,0.029347952,0.0261228697663622,0.022065852
0.029299453,0.02744795,0.025671257,0.0298228743816644,0.02137716
0.02583609,0.025904344,0.027300013,0.0384661976080064,0.047342155
0.148935,0.026525354,0.15536454,0.1027928112565227,0.16117339
0.098330155,0.13632475,0.14433704,0.1366474676856466,0.14202835
0.0775242,0.09962226,0.059683632,0.0607698641839424,0.06795632
0.038445774,0.034413483,0.054797415,0.046539108159675,0.05529821
0.06973725,0.058272813,0.054832865,0.0564559532026159,0.05702207
0.048365034,0.048491016,0.05420038,0.0523808441284785,0.053843196
0.048294853,0.050853696,0.05486828,0.0523497727131739,0.049428873
0.053708635,0.057999127,0.059579287,0.0567651601947621,0.052853495
0.055529203,0.0634029,0.058311734,0.0593976743988524,0.058515143
0.050963834,0.061094586,0.052336823,0.0533955221076283,0.05199302
0.042890407,0.056001894,0.037456755,0.0472477900884395,0.044427346
0.031429462,0.0420051,0.036971696,0.039257574849067,0.0390072
0.05400891,0.044224147,0.055925563,0.0515040006016107,0.062065702
0.075190805,0.05611018,0.068953775,0.0677731732549533,0.09659178
0.056849092,0.06502272,0.05892507,0.0595638822077239,0.06716906
0.07509309,0.053877182,0.06187412,0.0554687309536874,0.043502145
0.06966609,0.05487762,0.052831087,0.0518033523003367,0.05789263
0.042063456,0.049032856,0.03823921,0.0444508496932376,0.043826595
0.05423951,0.04425787,0.035328504,0.0416385886027626,0.03683345
0.0588302,0.043476194,0.051408432,0.0467793548122852,0.04756249
0.05126233,0.05217434,0.051379144,0.0528575551221113,0.047641736
0.04791958,0.05252514,0.048835732,0.0520263102448967,0.047476515
0.046667814,0.051651176,0.045029484,0.0480304087824426,0.049638283
0.051719304,0.0469492,0.050972763,0.0470999586698995,0.042226605
0.060669784,0.051698007,0.041775953,0.0492131656982864,0.045868997
0.046750944,0.04482465,0.051584583,0.0621480345722198,0.0657811
0.17577893,0.050184984,0.17027529,0.1386451326604618,0.16743244
0.12137342,0.15626656,0.061333653,0.0609074471954175,0.06972691
0.04822916,0.05907452,0.06608074,0.0659299989899573,0.06086175
0.053174138,0.06806882,0.060204282,0.0589967340377448,0.049524985
0.056463353,0.064573355,0.046611313,0.0491350909974677,0.04759414
0.09271632,0.052262064,0.050578896,0.0499149286414026,0.04124138
0.05206251,0.054325692,0.049062375,0.0499721014363882,0.050063454
0.038786057,0.049786642,0.048236314,0.0461211678657653,0.048225224
0.047374357,0.05322815,0.048337772,0.0518388164365666,0.04800672
0.04464683,0.049618993,0.050446607,0.0499053705595897,0.050598964
0.04318735,0.052569207,0.043455616,0.0456754070274205,0.043698095
0.033019412,0.045339007,0.040643234,0.0434859975392783,0.042518422
0.041421674,0.045988284,0.045081567,0.0453060815600114,0.053129796
0.0409027,0.043853886,0.04232826,0.044190041010128,0.04600364
0.04421345,0.04522309,0.043429904,0.0441641226517419,0.043682925
0.04581489,0.04417434,0.042500935,0.0437295295527922,0.044140335
0.041790307,0.044313755,0.043216456,0.042920333923965,0.04517636
0.04351824,0.043195065,0.04276804,0.0421731692496263,0.041868016
0.044511415,0.04444522,0.042908214,0.0461616847873665,0.04367336
0.039620765,0.043868393,0.046938337,0.0443763155130474,0.040809564
0.044762067,0.046624064,0.036561746,0.0476788109906484,0.04182357
0.03888561,0.038071048,0.036901485,0.0318758848007993,0.035535134
0.039523736,0.03783865,0.037358005,0.038867761877225,0.039270435
0.041921448,0.037570987,0.053126708,0.0518644402314253,0.040994514
0.054000065,0.053535663,0.043184403,0.0446908832091305,0.041465066
0.038623165,0.04111482,0.042544376,0.0426583095205848,0.044146433
0.0365491,0.041167684,0.04181805,0.0419009983761179,0.044185963
0.041887417,0.039457366,0.042532388,0.0426793477139123,0.042272154
0.042581435,0.04046194,0.04323972,0.0430403894394732,0.040299203
0.041840542,0.042144053,0.043058213,0.0418999318491248,0.039369985
0.041053645,0.041825283,0.03749065,0.0396273499085092,0.0390243
0.03921479,0.038215544,0.036180016,0.0378093417447704,0.0374047
0.040358458,0.03621659,0.035486903,0.0373760871961213,0.03559945
0.039643504,0.035553534,0.035295736,0.0364322590442839,0.034472883
0.035869848,0.035634544,0.034481715,0.0357995917470103,0.034110814
0.0368166,0.034875497,0.03570209,0.0352661955021218,0.036557846
0.04068423,0.03421043,0.03699091,0.0362722034646113,0.037858628
0.036958188,0.034395598,0.041395113,0.0405409011277548,0.038773093
0.037791066,0.038862243,0.04015181,0.0409091578045047,0.041951492
0.036935486,0.03656352,0.032105237,0.0336377479690816,0.03489414
0.029606892,0.030406898,0.028108817,0.0273510349886461,0.027951429
0.034003954,0.027052097,0.015746143,0.0228753874502663,0.027869822
0.018198352,0.015716556,0.029394915,0.0262385606551778,0.02689177
0.028228218,0.029891035,0.028446091,0.0336194109668432,0.029327694
0.02117355,0.025618525,0.014458647,0.0203994943565948,0.017550161
0.01451038,0.017959688,0.014521394,0.0169449811817765,0.015042534
0.01777793,0.0144584235,0.016980471,0.0185217790457457,0.021028468
0.017027745,0.01675779,0.021012086,0.0207569660440342,0.016683549
0.02255799,0.01953899,0.024427244,0.0238719642123319,0.019799361
0.021148736,0.019354666,0.021997003,0.0221198315146708,0.023267029
0.019507095,0.018298902,0.022156859,0.0221401104625198,0.022286346
0.022098359,0.017504297,0.02013948,0.0204587034205783,0.021142093
0.019331321,0.015678827,0.019129593,0.0193781057429764,0.018856062
0.020353852,0.015472142,0.026064917,0.0241532170224473,0.021540092
0.02627908,0.023461087,0.029880032,0.0295536819060053,0.022570495
0.022075789,0.023898844,0.015435064,0.0195633242000918,0.021251546
0.0207036,0.015215548,0.013986008,0.0145929325148756,0.013316793
0.015260976,0.01264764,0.013438597,0.0149032630599905,0.0151516665
0.011997566,0.011752794,0.013786545,0.0137075360124805,0.013885541
0.013087571,0.011350511,0.012794813,0.0137903747190609,0.013985014
0.015716767,0.011120567,0.0135758445,0.0137920052799174,0.0145871695
0.013713174,0.010935951,0.014066264,0.0137599337485214,0.015414393
0.013610749,0.010839326,0.0141142495,0.0138828044093928,0.014607364
0.014382012,0.010592105,0.014189186,0.0142062020082286,0.014420409
0.014484519,0.010630133,0.016038178,0.0154477930221222,0.014617829
0.01781796,0.0121401455,0.018898798,0.0184587680816032,0.017739732
0.016699715,0.013849732,0.01624189,0.0161849359051908,0.018451573
0.014046973,0.0115649495,0.013742873,0.0144530429381583,0.0144841
0.012634221,0.010246152,0.013338316,0.0136837736662285,0.013503715
0.015488135,0.010380294,0.014674904,0.0146703051200816,0.015455965
0.015558051,0.0111038,0.018661723,0.0179701161798945,0.016024765
0.01731643,0.014384728,0.018301861,0.0186875667228106,0.018543879
0.020630887,0.013274156,0.018337298,0.0183876651379064,0.01778306
0.019063344,0.013025835,0.018971523,0.0186248759747685,0.018574474
0.018394025,0.013385685,0.018964358,0.0187283349648434,0.017676618
0.016768679,0.013912484,0.016150137,0.0169019330976815,0.016750067
0.01336888,0.01219262,0.013616182,0.014667521603937,0.014250141
0.012986908,0.010387206,0.013076421,0.0133565609318631,0.014189888
0.012528868,0.010293366,0.012942968,0.0136681577334929,0.014439065
0.01282271,0.010351017,0.013409758,0.0139125861623693,0.012237683
0.014027022,0.010446588,0.013609402,0.0139137343667374,0.01339584
0.013955355,0.01014518,0.013598029,0.0141385924527538,0.014993791
0.01626555,0.010200664,0.016493227,0.016128583909401,0.017298903
0.016028846,0.0121142715,0.018733809,0.0192466052776456,0.01842769
0.016675474,0.013002876,0.017248401,0.0169335875968708,0.01680285
0.01490319,0.011672879,0.013667371,0.014409790108126,0.016425276
0.012521129,0.009994475,0.013626298,0.0136063603883392,0.015535189
0.01313287,0.010140531,0.013815451,0.0137229788319118,0.014822483
0.012897421,0.009999273,0.013796417,0.0136657040494284,0.013342101
0.014009131,0.010036765,0.0136378575,0.0137408294169674,0.013757443
0.013924943,0.010248361,0.013026133,0.0137799666914749,0.013534764
0.014002927,0.010166764,0.013594221,0.0137531906912607,0.012594093
0.014135579,0.010165051,0.013734931,0.0136509031937729,0.01271064
0.013929566,0.009896746,0.013158133,0.0144420187170431,0.0130878575
0.014586115,0.010033106,0.016991839,0.0160386399737806,0.014720773
0.014943926,0.0125346,0.019083058,0.0186862823901214,0.018409334
0.016966851,0.013196189,0.019233197,0.018522313447538,0.019058093
0.018977312,0.013021702,0.018367369,0.0189792740982842,0.01902275
0.021493642,0.013134314,0.024248987,0.0225203185914556,0.020273201
0.020864744,0.017616274,0.025127517,0.0243951002217052,0.022313895
0.020266,0.018018655,0.020638874,0.0206497038516898,0.021790551
0.018458178,0.016019141,0.016941395,0.0177028149492731,0.017019698
0.015553094,0.013784884,0.01636301,0.0164017148576101,0.016297162
0.015752848,0.013770472,0.016611705,0.0168452581459479,0.017316429
0.016730333,0.013910981,0.016286952,0.0163109253535448,0.016247313
0.016000306,0.013785675,0.013846319,0.0147190348468912,0.015022032
0.0143512,0.012290731,0.013108529,0.0143073959213865,0.014771026
0.01527725,0.011499701,0.018079776,0.0170778569327325,0.017291032
0.017182887,0.014328629,0.018793922,0.0189576612289132,0.019143976
0.0142735895,0.014590917,0.013674609,0.01414362872922,0.015431605
0.0154782925,0.012129197,0.013706798,0.0135029654552318,0.015104778
0.016379938,0.011117447,0.013604602,0.0139892078112368,0.016342701
0.014713662,0.010907901,0.014022028,0.0137331869437743,0.014447622
0.014529826,0.01088394,0.013716662,0.0137900260229859,0.013849756
0.01382957,0.011130711,0.013424067,0.0137083650910991,0.01348546
0.013980448,0.011305604,0.013511419,0.0137766800382958,0.013333058
0.013631843,0.011415565,0.013702596,0.0138239801366791,0.013231108
0.014129283,0.011271369,0.013747174,0.0140636439579005,0.013336016
0.0139302965,0.011415102,0.013228076,0.0144815177256212,0.014329514
0.016527608,0.011481099,0.018091073,0.0167208050711574,0.0144056305
0.019699847,0.014791392,0.01892434,0.0185768232670678,0.016116839
0.015726727,0.014676455,0.01424044,0.015017705214861,0.016643263
0.012575401,0.012781952,0.019408837,0.017261462202412,0.020294132
0.020090107,0.0163602,0.022821706,0.0220431843062058,0.02171948
0.022165004,0.018209571,0.02405109,0.022865790993154,0.021189472
0.021217415,0.019193698,0.023656508,0.0230097409494533,0.022389518
0.021317517,0.01864961,0.023361914,0.0225035897851216,0.020484984
0.02185757,0.019981313,0.021670094,0.0215900207177049,0.01946661
0.019795995,0.019450497,0.016860034,0.0184550779252197,0.01927654
0.013097171,0.015817681,0.013303051,0.0147243918453843,0.015978716
0.014835121,0.013199428,0.012031404,0.0133886854970814,0.014009878
0.018842112,0.013101285,0.017532226,0.0175674887993545,0.011334736
0.015921539,0.017373342,0.020067936,0.0199711995593433,0.020425707
0.023311947,0.017228624,0.020248726,0.01725992300282,0.024644623
0.022167787,0.016886726,0.019376846,0.0190650336701448,0.021256726
0.016363528,0.017769212,0.025908217,0.023893011466425,0.018985335
0.020517778,0.021832298,0.026399035,0.0259978443660854,0.023399027
0.029173097,0.021768242,0.019736735,0.0206411745976223,0.021676159
0.020845437,0.01884486,0.016440807,0.0181654809901071,0.016694726
0.02479967,0.01826622,0.018554818,0.0185105124227036,0.016765395
0.030573199,0.018889494,0.020120366,0.0189930778448365,0.014897415
0.017549725,0.01895,0.018956756,0.0243051288492038,0.020919086
0.058104873,0.019204505,0.0599406,0.0459620777995583,0.05624761
0.08792619,0.04531929,0.09726386,0.0903477533674114,0.07484211
0.06957774,0.06548357,0.05559412,0.0570687568941517,0.055927534
0.040601775,0.042144313,0.04307028,0.0425746798699695,0.043456372
0.039652005,0.03594279,0.0423075,0.0413468641999304,0.042951692
0.04044804,0.038943984,0.04370169,0.0417130397168484,0.044080663
0.040221352,0.039655212,0.042388733,0.0402247883613561,0.04364394
0.041431047,0.04150135,0.04252793,0.0405276079354301,0.042346463
0.04145348,0.044651736,0.04230024,0.0424681009136325,0.04445324
0.042064626,0.045937162,0.042368975,0.0417704131254343,0.04138879
0.043144636,0.044704344,0.03481509,0.0407898284109161,0.037712216
0.029798102,0.038930412,0.023336176,0.0302354036056382,0.03136532
0.020801673,0.029734883,0.025694884,0.0253784191527638,0.028418522
0.022231586,0.029243574,0.027410218,0.0283091353992916,0.03471876
0.0301545,0.030370705,0.030337589,0.0311553477637968,0.03222542
0.03340777,0.03279979,0.035076562,0.0346518797243292,0.029855331
0.035508033,0.035217736,0.0346013,0.0356152122058593,0.03548991
0.034845132,0.035814904,0.040954355,0.0378097588071383,0.03450268
0.042123113,0.03816985,0.04140988,0.0423330124161364,0.037381463
0.03887099,0.03881522,0.038751565,0.0400467346264674,0.037766486
0.03569792,0.038820706,0.03992736,0.0383415098377757,0.033913683
0.039244507,0.040994074,0.038269997,0.0374496156175466,0.03997282
0.03858184,0.040042162,0.038000494,0.0372271899690573,0.037931085
0.03617819,0.040439304,0.03842649,0.0378439893527919,0.039848812
0.03992517,0.04163701,0.03789546,0.0381176705008934,0.047280103
0.050991848,0.041667935,0.038220666,0.0381830632027607,0.031834565
0.042711332,0.041935097,0.038406387,0.0388282957651994,0.042236462
0.039716795,0.041919604,0.040915538,0.0402439803547098,0.05148818
0.050151687,0.043348763,0.04529315,0.0438669797957578,0.047439437
0.051106125,0.04630014,0.042706676,0.0435862851852282,0.047721945
0.042769335,0.04550381,0.04321312,0.0408047210769633,0.04081731
0.06551681,0.043968033,0.041280806,0.0410091121793396,0.051447637
0.049467552,0.045610815,0.04562691,0.0447336261216377,0.04665549
0.049314424,0.047473077,0.043757346,0.0439860768633919,0.03942401
0.07451216,0.047949396,0.041702382,0.0431732802233098,0.032090817
0.050711717,0.044148434,0.053224448,0.0506435494909983,0.04985056
0.070030496,0.06286529,0.08269633,0.0911080950158119,0.09636172
0.21135037,0.066693746,0.15686616,0.1180265972995983,0.16209792
0.06507604,0.12352574,0.05255493,0.0673985539523335,0.090731665
0.06147576,0.05619491,0.054581083,0.051067375188664,0.062474083
0.039061572,0.06529214,0.054320555,0.0451539755769604,0.06712948
0.058423545,0.0598861,0.07504357,0.0816239716283513,0.07986652
0.19122042,0.06992374,0.19563937,0.185272427210564,0.15744497
0.085772865,0.16527073,0.058076274,0.0522745768452302,0.055805247
0.077860385,0.068902336,0.10997436,0.1025556072027733,0.08218251
0.07936937,0.114565715,0.062919125,0.0636270141576118,0.08341768
0.11033975,0.059531674,0.036934655,0.0519442912829952,0.043183614
0.036190998,0.062462933,0.044825297,0.0467059029370782,0.033419237
0.06301381,0.052989073,0.04147611,0.040044323947937,0.033511136
0.05593621,0.05568481,0.07220273,0.0671170637268633,0.08636892
0.17231713,0.077685155,0.20912857,0.1904492253407896,0.1991999
0.18337265,0.17098556,0.2198268,0.2305870735138485,0.20626123
0.18083766,0.1500155,0.21197617,0.1984170156921699,0.16716896
0.11447988,0.13679823,0.116422825,0.1307527371582898,0.14105241
0.10132094,0.099845834,0.11328237,0.101537425638501,0.1334176
0.09593794,0.10583782,0.100550584,0.0992552626434318,0.11153655
0.08155026,0.09890136,0.083410636,0.0826696496529676,0.08764801
0.08711163,0.095511734,0.07219744,0.0788466137807963,0.07840464
0.06722601,0.09842817,0.07295901,0.0772850834674422,0.068703085
0.065135546,0.09521198,0.048240002,0.0590664492099419,0.056997426
0.05131152,0.076727375,0.055870004,0.0498058757175084,0.041813836
0.06262237,0.07016936,0.061826542,0.0682888194907866,0.047636524
0.07621606,0.076909,0.07211325,0.0720616180647614,0.081163816
0.09231115,0.0770292,0.08319792,0.0771960825875638,0.07907817
0.06363034,0.08129614,0.056434546,0.067744386416728,0.089772694
0.06662036,0.068178736,0.08963356,0.0777956965250274,0.078483626
0.118708596,0.089484245,0.12886323,0.1225018678212658,0.10227656
0.09655013,0.11354421,0.07963625,0.0801863343306009,0.093262136
0.07016513,0.08759749,0.048854053,0.0588630855682475,0.0517744
0.0575269,0.061201114,0.046900745,0.0446371327565308,0.04904451
0.07683583,0.06123514,0.045754693,0.0442915522621792,0.045680758
0.038630977,0.056576714,0.03664771,0.0372564580939545,0.03608676
0.039544564,0.04874625,0.030258741,0.0327672241835823,0.023928987
0.033935905,0.044925522,0.031137766,0.0310964704627558,0.02835911
0.041207876,0.043659933,0.032238677,0.0333358132141824,0.03795545
0.032487307,0.04043254,0.029844165,0.0311133170194536,0.032569826
0.028228218,0.03792509,0.022869617,0.0283306318745522,0.033184502
0.028191375,0.033109337,0.022641724,0.0251655063785859,0.032962423
0.045673683,0.032384682,0.02517508,0.0248670521730669,0.028150722
0.06712304,0.030786352,0.024567321,0.0249713849743907,0.019793497
0.03717788,0.031790927,0.025495635,0.025147334901974,0.024879642
0.02799284,0.030513955,0.027405227,0.0246436522598987,0.030978587
0.028506063,0.031041138,0.024861798,0.0258065595844998,0.022409067
0.029259315,0.029847495,0.027531292,0.0307261283793569,0.020237634
0.053812645,0.039578214,0.035135224,0.0379398621790077,0.02915462
0.045227937,0.03664046,0.0483924,0.0426294099406711,0.03397539
0.06205231,0.04473911,0.048738245,0.0460367085877395,0.043839708
0.039675653,0.043344207,0.04578714,0.0399685799495432,0.036857963
0.028757824,0.042762075,0.03597019,0.0387605659057052,0.040651496
0.038748402,0.03946909,0.04173237,0.0558409170476142,0.060221095
0.112866625,0.04263383,0.148474,0.1231782792314796,0.127377
0.0837033,0.13675879,0.066692725,0.0655625378519111,0.077821024
0.06624869,0.06529887,0.062933445,0.0673823199376409,0.061733775
0.08288754,0.065150745,0.05940007,0.0580784036664149,0.05690448
0.058652807,0.06478284,0.059451766,0.057379519361596,0.05438717
0.05251256,0.061914183,0.055900816,0.0552668426892195,0.055557318
0.04392436,0.060838234,0.05324099,0.0526086711516722,0.0518355
0.04959273,0.057954643,0.05134101,0.0514917845216548,0.052237697
0.049659908,0.06033816,0.05109348,0.0542827078980832,0.056344528
0.054419093,0.05690952,0.051111467,0.0526882080477013,0.05152866
0.05309054,0.05713897,0.048011474,0.0504289756551138,0.048003506
0.051187195,0.05348885,0.035142448,0.0452256860166312,0.0461695
0.06163556,0.045283433,0.04051436,0.0393154212546847,0.045329113
0.049292352,0.0443406,0.03587453,0.041132311022941,0.047281206
0.04230136,0.04284537,0.04172357,0.0452669153403909,0.038892552
0.062453777,0.046799637,0.049064163,0.050671171120368,0.045567345
0.049603783,0.05005697,0.038896676,0.0375549081218691,0.0493206
0.050103556,0.04275846,0.04247313,0.0375378894933932,0.036340952
0.04313065,0.044176165,0.041445814,0.041694307162348,0.039160527
0.043394867,0.044053663,0.039862767,0.0396413014054636,0.03530601
0.039112568,0.043873277,0.039235514,0.0386411920825134,0.033500995
0.036353707,0.0419151,0.03879513,0.0379808038155363,0.03687548
0.037990186,0.041758243,0.041274674,0.0437251470319659,0.04445131
0.0507825,0.04381087,0.070196584,0.0660793855414326,0.06131329
0.06173906,0.06748223,0.0456622,0.044944520077772,0.044709828
0.03418437,0.046048407,0.04139891,0.0428971472976771,0.045256756
0.045809068,0.043983713,0.03707755,0.0384442718785727,0.04371137
0.038779505,0.041271012,0.043070894,0.0409383651005516,0.0432415
0.042647477,0.043361787,0.041799337,0.0407267843692313,0.04141833
0.036083028,0.043357063,0.03444074,0.0365733825984027,0.039512895
0.036423165,0.03862426,0.040279634,0.0388221225326317,0.03633897
0.040021185,0.042907134,0.034195993,0.0412492194313128,0.040698744
0.03680684,0.03772394,0.029833084,0.0291183528826248,0.03453721
0.034475096,0.033740476,0.030692944,0.032475087632751,0.029404597
0.03185952,0.0337222,0.029292867,0.0321029321927618,0.029183814
0.034768816,0.033954237,0.03298118,0.032046836814733,0.03391836
0.033190537,0.03378533,0.038258422,0.0380827335639992,0.038715065
0.033276457,0.038522758,0.04684827,0.0459942497380823,0.042746197
0.05643503,0.041603304,0.061526813,0.0566983964697474,0.046896502
0.05690626,0.052011956,0.055635236,0.0580890399992688,0.04720214
0.05156718,0.044942163,0.053791523,0.0520702540809623,0.049462087
0.044305105,0.046301253,0.05171672,0.0504127619762989,0.051193345
0.051792786,0.048177745,0.052761104,0.0504546729800094,0.05178204
0.053374924,0.04848032,0.054808747,0.0515179557228217,0.05055976
0.050309073,0.05505229,0.042872023,0.048515370170424,0.048351943
0.048629463,0.044914447,0.04425784,0.0436483182874035,0.04314309
0.04088181,0.04539583,0.043122735,0.0448394154986161,0.044310603
0.040910985,0.043648478,0.043488793,0.0436127088265118,0.041808415
0.045409463,0.045328427,0.041781507,0.0448193583636614,0.04407176
0.05130869,0.04260124,0.054743115,0.0551918427960018,0.04977864
0.044447016,0.05215609,0.040300805,0.040234836430252,0.044743996
0.044936467,0.041251,0.039412353,0.0378013349590772,0.044406354
0.043698583,0.040908586,0.042837825,0.042594870224899,0.042223543
0.043207787,0.042291395,0.045685645,0.0439295216760217,0.044301674
0.044986624,0.044113338,0.043125283,0.0455275003505541,0.048237655
0.05143005,0.041570183,0.0590002,0.0570211003679993,0.06936637
0.052263938,0.052407824,0.050899096,0.050108227817055,0.044860832
0.046862073,0.044968653,0.043977667,0.0445839814011173,0.044258412
0.041992985,0.040405292,0.043685224,0.0431413991869369,0.03915588
0.045309868,0.042503163,0.04050077,0.0409734625349273,0.037891842
0.04263938,0.038587455,0.03723679,0.0381066228754891,0.036902983
0.034762893,0.036589853,0.033822995,0.0347900784554922,0.03921504
0.032791045,0.03258446,0.035909325,0.0351799772741222,0.03513525
0.03510762,0.03547599,0.030806234,0.0347930079293197,0.03986538
0.031039445,0.03025393,0.029938718,0.0343863954622977,0.030571135
0.027546713,0.029236624,0.025650503,0.0320803506950446,0.029344197
0.025970208,0.024841491,0.025089888,0.0282486171197805,0.027393155
0.025805436,0.02458234,0.025028113,0.0275895804411982,0.0281509
0.023630597,0.02298821,0.021413425,0.0227941999199378,0.025177501
0.019004928,0.019532984,0.021285167,0.0222121494871571,0.02156253
0.019400623,0.018795917,0.021029789,0.0226381474965482,0.021945514
0.020369764,0.018042188,0.020247087,0.0210412708145431,0.020702228
0.020745477,0.01800571,0.020644253,0.020765586602892,0.019914782
0.021207346,0.017235428,0.020658383,0.0208723279165722,0.020668482
0.021272115,0.01702083,0.020698493,0.0209737804617538,0.02048343
0.023238605,0.016636401,0.025328167,0.0237663816566365,0.024610855
0.022566397,0.020060308,0.026074415,0.0266380175649555,0.024929507
0.022577567,0.019552415,0.020894133,0.0216838117899555,0.020853609
0.020103252,0.015960736,0.020769568,0.0204312302288313,0.01993733
0.02066757,0.016414287,0.020695142,0.0207786523223959,0.02019669
0.020349564,0.01570825,0.020721292,0.0206177356629885,0.019691903
0.02025193,0.01588646,0.019778281,0.0203811452711086,0.019926347
0.02029204,0.015750932,0.020309968,0.0204088105249354,0.019700648
0.020559533,0.015799742,0.019742452,0.0205165832889292,0.020278938
0.020336661,0.015563661,0.020288121,0.0204318789224422,0.019754272
0.020294059,0.015314786,0.02049026,0.0205482026120138,0.019933565
0.022957632,0.015115932,0.020891907,0.0215730407569458,0.020884348
0.022923365,0.015846757,0.026026024,0.0247120614011836,0.023566624
0.023966769,0.019205837,0.026306339,0.0259048987689258,0.027528761
0.024910392,0.018102223,0.02547488,0.0251277768494183,0.026648879
0.026623266,0.017490325,0.025599988,0.0251730868287209,0.025369128
0.025934678,0.018034777,0.025891835,0.0253948467359593,0.025090504
0.024187848,0.018960282,0.025942622,0.0250569219213998,0.024165682
0.02467639,0.019051457,0.021393133,0.0230033124848588,0.022491407
0.020656176,0.01591486,0.019521367,0.0204000711622128,0.020453675
0.019074984,0.014872234,0.019346252,0.0199539967150653,0.02104287
0.018908875,0.014649531,0.019744772,0.0201769671758148,0.020164808
0.019427372,0.014841028,0.019348793,0.0198444848213545,0.019349888
0.019377781,0.014227895,0.018909816,0.019649118460529,0.019038292
0.019747734,0.013921848,0.019672776,0.019596429810649,0.020282328
0.019858684,0.013747577,0.019747578,0.0196810666605866,0.020592723
0.020457841,0.013722399,0.021068253,0.02101026190063,0.02298154
0.023352508,0.014471723,0.025703283,0.0245387602660842,0.023106236
0.022904148,0.017426766,0.02452044,0.0240174400790687,0.025021683
0.02093772,0.015937308,0.019833874,0.020493170050767,0.02179056
0.018644232,0.01299247,0.019478269,0.0193476325280715,0.020879086
0.018766105,0.013747821,0.019647991,0.0196649552475045,0.020307302
0.019009328,0.0132020265,0.01959511,0.0195324407268986,0.018551571
0.020349065,0.013293359,0.019252462,0.0196123876816233,0.018580722
0.020271616,0.013421269,0.019811153,0.0199912919265277,0.01916077
0.019031914,0.0138551835,0.01960391,0.0198794451734934,0.019783115
0.018710839,0.013434712,0.019579219,0.0193894079819625,0.018729143
0.019744389,0.013226677,0.019569837,0.0204200652699553,0.01936844
0.02103074,0.013399789,0.023562439,0.0222417845696169,0.020966774
0.022344545,0.01640211,0.02547877,0.0251282399112313,0.023996167
0.023066964,0.016758066,0.024997089,0.0245550836885889,0.026329976
0.025256626,0.01610303,0.024854725,0.0244840036450204,0.025007626
0.02597293,0.01631799,0.024838995,0.0246283172228032,0.025127752
0.025075426,0.017223487,0.025447883,0.024715291982081,0.02422388
0.024509266,0.017759815,0.024341768,0.0237495948096419,0.022993099
0.023232086,0.017462317,0.019389194,0.0221843040002059,0.020945586
0.019728074,0.014124505,0.019182257,0.0191463126705593,0.020283066
0.0185187,0.014098637,0.019230103,0.0200222374394879,0.021102251
0.020568492,0.013892345,0.01951453,0.0199831029621675,0.020417523
0.021404214,0.014258821,0.019676542,0.0199545426477484,0.020787517
0.019704537,0.013869885,0.019224502,0.0197513843780649,0.019363705
0.018377118,0.01374835,0.020155925,0.0196799038123304,0.019734377
0.019791467,0.013756545,0.020216476,0.0197115755426386,0.019991968
0.021112014,0.013535941,0.020766705,0.0213440747850034,0.020788593
0.021918138,0.014757754,0.024630208,0.0245252079036472,0.02353759
0.019820608,0.017134162,0.023388589,0.0227441484507957,0.02172778
0.020692956,0.015711473,0.020243444,0.020677988933214,0.021309424
0.019393928,0.01394175,0.019513944,0.0196035907709473,0.019220006
0.018166505,0.014256464,0.019789996,0.0198099238625473,0.01931351
0.019415617,0.013891108,0.020387668,0.0196854494318235,0.018148534
0.019655766,0.013911463,0.01953578,0.0209802265894291,0.021155704
0.028860463,0.014053486,0.031658966,0.0278447173086431,0.026171843
0.036152422,0.021384697,0.038836166,0.0377304629844597,0.03394159
0.027685441,0.024682544,0.024692552,0.0260100578147081,0.026320757
0.020890784,0.017905729,0.019580398,0.0207246501289896,0.019429352
0.018468065,0.014532471,0.019319816,0.0200642806337851,0.01867594
0.02258784,0.014537757,0.02412407,0.0227377508154736,0.02234534
0.02584686,0.017491816,0.024787487,0.024113863613638,0.02520771
0.026472013,0.018941095,0.024381256,0.0242431348818381,0.023092939
0.025526289,0.018991506,0.02485698,0.0249441152258475,0.025170516
0.023531772,0.019192504,0.024889529,0.0251338504529175,0.026836786
0.024371803,0.019278908,0.025841985,0.0258546254040344,0.025260644
0.025451569,0.019456768,0.025830023,0.0255142084056436,0.02503582
0.02551125,0.019907866,0.02526541,0.0251237888083572,0.025667181
0.028989537,0.020383706,0.025765417,0.0250135797151158,0.025615435
0.03430166,0.019982746,0.024274299,0.0249559644356078,0.023966484
0.024094122,0.019239215,0.019487763,0.0220569182448299,0.023247508
0.023518842,0.015855916,0.01945114,0.0192535132980767,0.020025115
0.05990122,0.015588354,0.01864524,0.0201468093184291,0.022542331
0.021134337,0.015342027,0.019586388,0.0201128558783731,0.020980978
0.024194349,0.016007982,0.01951893,0.0200038635248685,0.019164432
0.023402205,0.015580216,0.01902933,0.0200897058699513,0.019552808
0.018861236,0.015777634,0.023294885,0.02231907548409,0.024536243
0.026157564,0.017841598,0.024123458,0.024825487474267,0.039047133
0.021222668,0.019138677,0.027800817,0.0249733515016174,0.02466917
0.026849652,0.018306322,0.030824594,0.0281750899199828,0.024661139
0.036324214,0.022877641,0.029309561,0.0293384107290294,0.03003143
0.029518567,0.0224316,0.02380145,0.0258052689789323,0.024224633
0.052219044,0.02146916,0.023739252,0.0243760823407368,0.021275602
0.031515095,0.020772006,0.023663707,0.0241419868100189,0.027056498
0.026307307,0.021406883,0.023860259,0.0239799820907177,0.02726077
0.0239932,0.020246258,0.023980817,0.0239246079157753,0.031104067
0.023449756,0.021724107,0.024098158,0.0243968071925339,0.030309757
0.025615634,0.02067595,0.034719337,0.0279601860632159,0.021700216
0.03445373,0.026515745,0.030210523,0.0368455836860092,0.03939083
0.031908337,0.025254045,0.0435696,0.0464570488505046,0.045919947
0.13239408,0.032157082,0.13702081,0.0994749770534123,0.12803544
0.08291865,0.09552056,0.054560013,0.0461382363067823,0.052620303
0.036539182,0.04519374,0.04617103,0.0505356458565214,0.04278449
0.037792075,0.04440443,0.041804135,0.0417210071995865,0.029252628
0.033471487,0.039261032,0.035187766,0.0353892699863335,0.033964183
0.049268164,0.03730539,0.034630395,0.0364389141364067,0.033418648
0.037290886,0.032685313,0.06816218,0.0564791078362701,0.045765158
0.02761358,0.058172684,0.07286664,0.0694242600481251,0.087917626
0.1295174,0.06325864,0.12918279,0.1067493568328802,0.14131467
0.11754355,0.09208936,0.14103442,0.1428843826617705,0.12096887
0.08792244,0.093576305,0.071378514,0.0859679110770233,0.088600375
0.036942136,0.06266317,0.066156924,0.069156792198386,0.07167008
0.068122044,0.07025008,0.07559821,0.073376141386308,0.080704845
0.0757992,0.06700456,0.07157377,0.069185456026162,0.07571223
0.06360042,0.07258809,0.05544891,0.0603720442701634,0.064611435
0.05606621,0.06320221,0.04896936,0.0518154213852088,0.05285824
0.05040324,0.057935823,0.04724204,0.0516712369101296,0.04841342
0.052162938,0.05417217,0.057878524,0.0561722298593921,0.055018093
0.061384235,0.057644427,0.05487823,0.0587413265542011,0.053794038
0.05149827,0.05580378,0.048466813,0.0539418938859904,0.050382897
0.051445935,0.05351892,0.051239032,0.0515527709335872,0.05692058
0.050764393,0.051413015,0.051368058,0.0494675082746848,0.06192497
0.05139241,0.050669834,0.04263285,0.0469483841573597,0.046430867
0.04189449,0.044635084,0.045336064,0.0445341694385355,0.041479677
0.042729184,0.045938537,0.04018464,0.0432537425386639,0.05309774
0.04117285,0.043910827,0.03920128,0.0437346847037862,0.04336959
0.04333099,0.043352004,0.044169713,0.0468316307468104,0.039675027
0.045191493,0.04497964,0.039445024,0.0421755342851669,0.040944096
0.039574828,0.042392388,0.040587675,0.0407932181111761,0.037438974
0.04211723,0.041806303,0.047250263,0.0459345065437424,0.041868616
0.04340758,0.046586275,0.046905454,0.0473460710478969,0.047066923
0.043994904,0.04685809,0.045429207,0.0447529627451508,0.04555919
0.042866696,0.044713788,0.043907873,0.04265718129902,0.04203732
0.041689437,0.043374293,0.04213071,0.0403539779842735,0.04239782
0.040399242,0.041306444,0.03759279,0.0378092866133487,0.039288078
0.036955472,0.038245745,0.029359905,0.0324397576645172,0.03413077
0.026360124,0.032581113,0.027514016,0.0273151075340834,0.02909867
0.025597297,0.032049183,0.02840663,0.0295235981335423,0.02854489
0.027016101,0.03173415,0.026807206,0.0295270887334731,0.027384833
0.03246244,0.031410817,0.027438764,0.0295149651831158,0.028180236
0.029668866,0.030886035,0.031386867,0.0314761461611909,0.03258084
0.029946052,0.03329844,0.03542716,0.0364491390328739,0.0378609
0.045724813,0.03459434,0.051955044,0.0415436044387116,0.046127357
0.0494964,0.04466317,0.061554316,0.0571699649806418,0.049869366
0.05916113,0.049783133,0.06546271,0.0623545452082126,0.05779684
0.06201592,0.05095935,0.061306417,0.0554865306481047,0.056565657
0.046900906,0.050478775,0.037871562,0.0431498452543891,0.047552247
0.025293848,0.03874712,0.039113298,0.0362630917316801,0.033271417
0.044484146,0.042764463,0.038959667,0.037624559502293,0.04069467
0.035590395,0.040677313,0.035590988,0.0363626026628055,0.0378448
0.033339765,0.041305408,0.03490383,0.0347622063979029,0.03889938
0.03407193,0.039513014,0.028553652,0.0322239723226338,0.04050026
0.031077411,0.03621429,0.036136944,0.0336598889792733,0.038729765
0.033966538,0.038647167,0.036541745,0.0382072879476425,0.05717722
0.051731072,0.038702436,0.041029144,0.0386850567523186,0.042854935
0.03283583,0.04072417,0.036483515,0.0332720588170393,0.041819893
0.053258255,0.035977382,0.039768897,0.0313511815128959,0.030222865
0.03957862,0.034941155,0.031163832,0.0322654113264704,0.04156432
0.067943215,0.035221312,0.030650873,0.0368141164203487,0.03223005
0.034630753,0.040329106,0.03792953,0.041777900407204,0.036504313
0.035194784,0.041150555,0.047493204,0.0490117981250391,0.03574665
0.09231781,0.04346646,0.08890112,0.0734295166832205,0.05380883
0.0284949,0.070120364,0.048460785,0.0527497216119669,0.06537043
0.060632493,0.048943482,0.051879197,0.0510674167985019,0.093845814
0.09240489,0.052989606,0.12533127,0.1027351244531817,0.082090095
0.076190755,0.10638527,0.069847785,0.0882628852146012,0.12285
0.073571846,0.06895729,0.19240649,0.1426443180687757,0.23865701
0.16335854,0.14672947,0.26198816,0.2423457770629456,0.2795633
0.18257055,0.18295035,0.1570204,0.1446342348760703,0.13069831
0.08204265,0.12990023,0.058288436,0.080154430385973,0.07979788
0.029020278,0.064889915,0.052573882,0.0472240430633269,0.046314105
0.076746084,0.06863252,0.058342632,0.0543517723334962,0.047168553
0.048186924,0.07032694,0.06325016,0.0629437210634082,0.060725182
0.08449199,0.07513268,0.05234553,0.0577789128944184,0.05742847
0.05614602,0.069359735,0.05931592,0.0568647755883017,0.05634631
0.04778523,0.07372042,0.04447251,0.0522128374404759,0.06393576
0.013473198,0.059809007,0.04539029,0.0338648483790746,0.045425158
0.059835754,0.04891321,0.04567533,0.0655474349964013,0.061161272
0.12166061,0.04770888,0.17498279,0.1215833411364795,0.13201712
0.17740533,0.1480269,0.24474841,0.2371448468931369,0.22108266
0.1647822,0.16951466,0.23113582,0.2193433867487319,0.23541865
0.13196124,0.14556572,0.15282819,0.1389016386585872,0.15277644
0.07209629,0.10308685,0.035286278,0.0599536688729333,0.0550122
0.043783043,0.03990072,0.034604177,0.0214543426613718,0.0145668555
0.015469799,0.04418142,0.030403975,0.0267389493129352,0.05086315
0.025014538,0.031970426,0.026455265,0.028627898751421,0.02374575
0.03455928,0.050639354,0.031935148,0.0362502609118418,0.02276469
0.04503374,0.04858677,0.030334814,0.0361914630249082,0.037359096
0.066317275,0.046016138,0.038801808,0.0373835725259724,0.031156864
0.05273866,0.04486063,0.0393139,0.041277448552453,0.02892161
0.025322711,0.040189303,0.037067868,0.0399190425306614,0.030933093
0.038813017,0.04121612,0.04002922,0.0372711575600231,0.049860895
0.03735938,0.041655064,0.03771292,0.0409200937291962,0.081968956
0.046686713,0.039969593,0.058113262,0.0442199380096764,0.030095706
0.038295813,0.054285977,0.052632783,0.0568481760997414,0.06321104
0.032366037,0.052487206,0.055269837,0.0567238234610103,0.054587055
0.08328716,0.049911913,0.09880119,0.0838612428423397,0.050871987
0.09541778,0.087945916,0.09344962,0.0920945379445832,0.08169776
0.056626424,0.08031193,0.05785384,0.0609283097830682,0.061510533
0.03912611,0.05306902,0.058409277,0.0550016050614965,0.025363397
0.06273004,0.066162825,0.057010517,0.0573907264972086,0.06326048
0.055806134,0.05896827,0.057615235,0.0575603640213937,0.05575889
0.05817188,0.060431674,0.059390467,0.0598595800225925,0.05874328
0.06333346,0.06347124,0.0727525,0.0672287042595251,0.062448815
0.06604231,0.07222674,0.06551368,0.0671122660780961,0.06758207
0.06527884,0.066714466,0.07617084,0.0707559107373946,0.08564191
0.07617049,0.072149664,0.082445994,0.0812869802386454,0.09279804
0.07643658,0.07774383,0.075695634,0.0752700361830629,0.0783471
0.06350984,0.07350574,0.05473545,0.0614788790416705,0.06906183
0.06540062,0.05493894,0.044128347,0.0459064309505017,0.046676833
0.04115508,0.050469637,0.033537406,0.037879045312235,0.045143925
0.05094865,0.04199893,0.0324995,0.0350291610548908,0.0262258
0.024480145,0.040942326,0.03498899,0.0368033850875662,0.0282945
0.037669517,0.04151455,0.034219604,0.0377882368116321,0.040386453
0.05928122,0.03932044,0.042599615,0.0437914974213254,0.04428412
0.05360291,0.043860827,0.07100533,0.065631370580018,0.077079825
0.032089524,0.06407484,0.055408094,0.0561752871526351,0.04142872
0.02812853,0.048478823,0.038451005,0.0455499281411482,0.03814878
0.04566696,0.041990362,0.04623208,0.0515011114626209,0.06238588
0.077527896,0.044593006,0.1280114,0.1092335310162909,0.09913032
0.09737019,0.12215678,0.069310054,0.0686109094036815,0.07728082
0.061277498,0.066802405,0.10661211,0.1014449799555086,0.09644165
0.060612664,0.089811265,0.089083485,0.0806791495825728,0.06793162
0.06981861,0.0711027,0.06559955,0.0695492471495175,0.055281423
0.060524374,0.06870568,0.044476233,0.0515561164014828,0.045282725
0.042973917,0.050056335,0.035859525,0.0385280045453955,0.036912885
0.033600066,0.038684085,0.040523913,0.0397717693933463,0.04408109
0.04264453,0.047434654,0.053680424,0.0551984463150714,0.046674494
0.057051305,0.054586086,0.035317063,0.042746514153404,0.04837257
0.04075205,0.044615556,0.044555817,0.0431604763904688,0.034004904
0.0343363,0.046081856,0.035293616,0.0378336838892953,0.042900432
0.034626644,0.039062396,0.0408632,0.039428283755989,0.045647513
0.048423767,0.042502884,0.05652799,0.0560076063701158,0.0578072
0.04736107,0.05984991,0.052304894,0.0505686190668193,0.053378895
0.037674207,0.050976064,0.040208712,0.0415603445625876,0.049324535
0.03360063,0.040638845,0.04079462,0.0393031777031927,0.041199718
0.043252926,0.043923814,0.04396533,0.0454481676933356,0.047824297
0.051829066,0.04490675,0.059325624,0.0577030109568949,0.044819035
0.047356524,0.058178127,0.05214247,0.050902161930319,0.048676915
0.046984296,0.048779033,0.047293205,0.0482004442541883,0.043768086
0.045070082,0.04622165,0.04551429,0.04728783611272,0.04790212
0.04540492,0.045897257,0.05023961,0.0480692569987839,0.04275079
0.05024917,0.046919372,0.044645503,0.0478702081555902,0.043487884
0.05194259,0.048391744,0.04808905,0.0474407001579013,0.04445581
0.052973963,0.048378203,0.050014,0.0489251616481311,0.051666692
0.051035706,0.049957428,0.04611425,0.0480763473402057,0.052466415
0.044502847,0.04837755,0.045195505,0.0458483343170862,0.04551338
0.050308805,0.046727356,0.044450887,0.04456355568433,0.044211607
0.05083424,0.04500461,0.045827713,0.0430591164332545,0.040881656
0.05204336,0.04576693,0.0377798,0.0425751444058814,0.047789965
0.039051626,0.03930553,0.0384844,0.0429342274200258,0.05891791
0.07847308,0.040998682,0.0976574,0.0750215688167327,0.09650123
0.07500008,0.09141729,0.086306974,0.0802941361213461,0.08355622
0.052081283,0.06864617,0.046041217,0.0496862587117553,0.050888702
0.036737714,0.038902722,0.04580402,0.0421181178691034,0.04719681
0.04058262,0.050092336,0.045528386,0.0461070238320973,0.048956383
0.0405767,0.04304084,0.04293164,0.0419618283984373,0.044023167
0.04238813,0.04159659,0.042345483,0.0428401597785549,0.04626818
0.046244673,0.043653343,0.04527502,0.0441815255672291,0.045867227
0.0556731,0.046231937,0.044411916,0.0451665703802962,0.044597324
0.045012962,0.044483207,0.044623584,0.0447902065667101,0.0428631
0.04579576,0.04393142,0.045187734,0.0449166081384706,0.0439282
0.046712585,0.044303283,0.045623332,0.0461311036962389,0.04191144
0.049290553,0.04572233,0.046305295,0.0457938085151714,0.04646122
0.04390092,0.044770934,0.041252762,0.0429928158662025,0.0457225
0.044959217,0.04151051,0.03949849,0.0407033630682187,0.04033923
0.04316027,0.040124588,0.03968683,0.0396753322016177,0.043893613
0.039672762,0.039895404,0.036705293,0.0384429569796673,0.040775407
0.037325196,0.038070627,0.03731487,0.0391367409708852,0.03533002
0.04135824,0.03816032,0.044140976,0.0436312410360281,0.038264014
0.03781066,0.042105503,0.03876067,0.0400479723295193,0.048241485
0.037015814,0.03850343,0.048877224,0.0446181209189063,0.041114144
0.04130565,0.04541419,0.0489343,0.0483896003742623,0.049534522
0.042181637,0.04429888,0.04170055,0.0415269208561275,0.042361934
0.03562799,0.039313484,0.037109166,0.0373742311413109,0.036915656
0.03660207,0.036519665,0.03257125,0.0338861045605612,0.03570176
0.033432685,0.033030268,0.033247795,0.0324423044878817,0.03392186
0.033017416,0.033232044,0.030044593,0.0304815682537812,0.03366522
0.02868439,0.030291617,0.027574945,0.028119043859051,0.027491087
0.02564535,0.02871247,0.026983969,0.0273281792404358,0.0268034
0.026429273,0.027071701,0.025235372,0.0266002653028933,0.027245207
0.027680658,0.02576197,0.024853494,0.0258458390031482,0.025899943
0.024610335,0.024841543,0.022809718,0.024714182728343,0.024499066
0.022415949,0.023220217,0.019732278,0.0217440554624352,0.022617161
0.020331763,0.020240296,0.01974869,0.0204616775703681,0.02135929
0.0197123,0.019433657,0.019509995,0.0211841546710237,0.021670891
0.018761149,0.019006485,0.019521588,0.0205258365452416,0.01951468
0.019897576,0.019039532,0.019547226,0.0203281615465885,0.020275718
0.020445582,0.018630931,0.020653302,0.0211618464127616,0.021764988
0.024467167,0.019145265,0.026250957,0.0244593228783156,0.022632433
0.023498662,0.022442926,0.024203544,0.0250149940924203,0.022690494
0.02076454,0.020648096,0.020125054,0.0207795750542828,0.020126248
0.019276932,0.017498942,0.020142343,0.0197063797511977,0.018230312
0.01953991,0.018677881,0.020095443,0.0200432063187714,0.019332148
0.019238602,0.018029511,0.019665185,0.0197719281794944,0.018829219
0.019957984,0.01829732,0.019302787,0.0197636045908387,0.018901782
0.019946914,0.01821633,0.019450063,0.0197028363596492,0.019027008
0.021381283,0.01826195,0.01926815,0.0200895914470622,0.019399023
0.021171875,0.017965972,0.021674745,0.0211901566873464,0.02069565
0.023038132,0.019954005,0.025494128,0.0247490659570369,0.022702778
0.024366405,0.022174364,0.02556192,0.025559981510479,0.024809618
0.024491917,0.020979576,0.025292397,0.024665696769624,0.025986457
0.025952373,0.020275762,0.024766687,0.0244807871241436,0.025222907
0.025520496,0.021178978,0.02479125,0.024603867434222,0.025098236
0.023464974,0.021893742,0.02499697,0.0243542739087964,0.023866426
0.02519043,0.022371916,0.023313697,0.0232874135160947,0.022659434
0.02163268,0.020988978,0.019472187,0.0211195205221975,0.021009987
0.017352043,0.018130183,0.018665278,0.019526828081633,0.019341687
0.019786675,0.018460138,0.019778011,0.020289177396399,0.02183266
0.018888755,0.018397393,0.01922566,0.0196693349582022,0.019989338
0.018506942,0.017878596,0.019423777,0.0194586982021228,0.019293271
0.0194422,0.01759974,0.01935929,0.0195308165666218,0.020685086
0.021420375,0.017553885,0.020344103,0.0207257259796581,0.02196642
0.022235543,0.01846824,0.025358647,0.023936596263141,0.024614394
0.021737287,0.021778997,0.02420874,0.024076362226019,0.024323212
0.020369055,0.019929133,0.019326484,0.0203138721506134,0.021543574
0.018041797,0.01666178,0.019104168,0.0190339618841149,0.021371307
0.018478423,0.017716149,0.019455472,0.0194313968514199,0.020271298
0.01878204,0.01718301,0.019082505,0.0192051891530411,0.01811012
0.020121926,0.0173275,0.018965304,0.0192599931318429,0.018079016
0.020183498,0.017342355,0.018941103,0.0193628627572083,0.018600848
0.02001463,0.017505698,0.019304037,0.0194768053256277,0.018551156
0.019057209,0.017311014,0.019236421,0.0192617025190525,0.018253373
0.019113928,0.017344544,0.02049081,0.0208210957200224,0.01968304
0.020105172,0.018427523,0.024851931,0.0237952097376055,0.02186943
0.027044754,0.021731643,0.02488675,0.0246736241452391,0.025680717
0.020496337,0.020514973,0.024723792,0.0240899647453835,0.02637991
0.023210727,0.019966306,0.024507966,0.0241367745874536,0.025058387
0.024919454,0.020800775,0.025005382,0.0242816460123914,0.02442664
0.024161436,0.02159111,0.024252871,0.0237016173590804,0.02288467
0.02336837,0.02144309,0.020766335,0.0218859913752685,0.020884981
0.021876894,0.019183137,0.018385671,0.0194746198495703,0.019330816
0.019084059,0.017224682,0.017775694,0.0183105639344488,0.01856348
0.022086421,0.016987478,0.01795325,0.0188761085002041,0.019239215
0.02687747,0.01706201,0.018159654,0.0189903589552434,0.017433707
0.024487974,0.017128153,0.018319072,0.0189329377243993,0.017989583
0.02025749,0.016920991,0.018827133,0.0186452184266009,0.018951017
0.025561417,0.016785692,0.018615013,0.0187006712481706,0.01965631
0.029748986,0.016836744,0.020983724,0.0203159713211602,0.022196155
0.023506666,0.018382367,0.02476011,0.0238135101979095,0.024128992
0.024264608,0.020504838,0.021724723,0.0214523588039903,0.025392061
0.047435127,0.018360775,0.018632343,0.0194869664601813,0.02066081
0.037920285,0.016796442,0.018650394,0.0185901209409636,0.018088602
0.023770828,0.017048977,0.018951535,0.0187336879133573,0.019060908
0.021901604,0.016892856,0.018609287,0.0185107072753145,0.016847944
0.02520858,0.016618071,0.018432235,0.0185764582504325,0.017253477
0.027890122,0.0168735,0.018296987,0.0186464682066576,0.017324703
0.02717491,0.016811665,0.018534228,0.0187728683772,0.017773746
0.023109775,0.017000908,0.01841896,0.0187796543302897,0.0177142
0.021714052,0.016808478,0.020652873,0.0203131703828362,0.019449357
0.022113979,0.018693006,0.02379013,0.0232734483170832,0.023120612
0.028557472,0.020252224,0.02490126,0.0242484735242598,0.027270814
0.056865353,0.020388931,0.024264134,0.0236771088679704,0.034516435
0.040121596,0.019623924,0.02499318,0.0247991912359529,0.036648214
0.034627132,0.021643367,0.029599339,0.0288768035851686,0.025467092
0.03626182,0.025326317,0.029522996,0.0286666506557113,0.032592166
0.026981292,0.025545703,0.025873527,0.0252954277830762,0.03381762
0.021733476,0.022009997,0.022615738,0.0232316558536036,0.02301559
0.057060782,0.02246894,0.023218565,0.0228386100011435,0.020086832
0.050887592,0.020934686,0.022045994,0.022707911439441,0.023389133
0.03650032,0.021756943,0.021640435,0.0225619952099879,0.025023723
0.030443197,0.020390408,0.0225885,0.0230350294200687,0.023014193
0.028593414,0.022173872,0.02861098,0.0268627803561621,0.026695967
0.031090861,0.024266927,0.03950144,0.0356351218982894,0.031323817
0.041612018,0.030022657,0.049440924,0.0422458187725763,0.04435339
0.115301795,0.037301056,0.062384654,0.0757690780948397,0.07852581
0.10062036,0.041900285,0.17406414,0.1190653162098738,0.14421223
0.08353649,0.12771986,0.0606345,0.0495924701463028,0.0499523
0.0477404,0.048981156,0.06194559,0.0644573433362171,0.056556076
0.05712877,0.06287123,0.06703579,0.0664667891375475,0.054370124
0.056786284,0.060720026,0.066484,0.0632786952625873,0.0592946
0.05535721,0.062434644,0.06494815,0.0617811580168779,0.06871855
0.060430605,0.06327712,0.06791322,0.0655949192261685,0.06607349
0.054971416,0.06314254,0.07045973,0.0672644807983192,0.06755255
0.0681647,0.070175774,0.06735924,0.0601317472999384,0.06375346
0.05549287,0.063883126,0.049312215,0.0632495054197525,0.061397336
0.039058447,0.049339138,0.04926395,0.0479356418709621,0.04951969
0.07126403,0.048240587,0.04663167,0.0499216037496107,0.054986447
0.053651366,0.048150763,0.04905119,0.0469963457937653,0.06472789
0.045327887,0.048357125,0.036051925,0.0406013284290428,0.04856019
0.038468342,0.041473623,0.03650288,0.0373123771457908,0.035600822
0.04426505,0.038871177,0.03873421,0.0385728273574637,0.038726795
0.04037289,0.037685186,0.03737396,0.0373523096833873,0.03701703
0.03589196,0.03745275,0.037589565,0.0397143649170328,0.043458678
0.044152148,0.037413802,0.041412715,0.0414164532662931,0.048981786
0.041802116,0.039546117,0.044247683,0.0447463704760592,0.06375527
0.043964546,0.042057406,0.040861793,0.0396652222928038,0.04435664
0.026735334,0.03778018,0.043208476,0.0412125809274446,0.03222342
0.06108617,0.040926553,0.04682135,0.0434825672380119,0.04850607
0.035049856,0.041318543,0.034494463,0.0395350942291916,0.04152587
0.05068609,0.038014226,0.04113284,0.0385991224120696,0.023637846
0.03971061,0.038287167,0.034371857,0.0375265440539789,0.038088474
0.03789892,0.03554644,0.03599417,0.0374273466515458,0.040653132
0.042563055,0.037084077,0.046379276,0.046746446275259,0.037295528
0.08753904,0.044305615,0.056690957,0.0534594825180844,0.0474092
0.048314154,0.048095055,0.035408,0.0433408799221664,0.034552414
0.029032018,0.037491288,0.029100299,0.0427691677293305,0.054251384
0.10791217,0.027551496,0.1428169,0.0901361222582369,0.13419853
0.10019143,0.12165683,0.20410137,0.18880027574026,0.17480937
0.1044073,0.1392732,0.17848139,0.157660937021777,0.146339
0.092443965,0.10952174,0.022419112,0.0547888727944254,0.06814553
0.026328228,0.020495558,0.026248064,0.0132578604754512,0.039144717
0.011342449,0.033275455,0.02512858,0.0226969738209051,0.045220096
0.019548714,0.02266636,0.026113141,0.0193062682250226,0.026362717
0.027754981,0.022170743,0.021683747,0.0220976438150001,0.030718941
0.036603846,0.02755784,0.02276528,0.0235825791850697,0.03927683
0.018203322,0.026212862,0.022339666,0.0208616075369036,0.039970923
0.014969021,0.02627638,0.026470039,0.0213355048291889,0.008559717
0.015666772,0.021426458,0.017758248,0.0237579637981347,0.007950064
0.040363755,0.021331284,0.014566649,0.0196735183534581,0.01930673
0.036447994,0.017264187,0.024049692,0.0199231108669766,0.03157892
0.032302357,0.021361144,0.019357385,0.0229138073628915,0.030626295
0.03153919,0.01759234,0.029417625,0.0417814385645909,0.04462602
0.03880319,0.02737746,0.13383892,0.105527751567886,0.038277406
0.045684844,0.099342935,0.039907005,0.0442835677680203,0.036915515
0.06039088,0.03929208,0.042472914,0.0465793347598065,0.0311298
0.06589792,0.03909567,0.04658117,0.0419919381072219,0.028431084
0.0631637,0.042471666,0.04624491,0.0440597302137974,0.03531335
0.04538189,0.041832123,0.07004956,0.0681270035815772,0.055372197
0.09166493,0.06934354,0.10209816,0.0890593603552455,0.062454443
0.10572977,0.084823176,0.027660636,0.0447083015189797,0.03976371
0.028691977,0.040599454,0.024454387,0.0273000023120768,0.024360476
0.05875873,0.030378116,0.035330765,0.0357696292903373,0.040535297
0.02836478,0.030343141,0.0728863,0.0671521601248824,0.04550568
0.119021945,0.06722225,0.021197846,0.0361638382305515,0.069115266
0.058101725,0.029660495,0.109058335,0.092139347934942,0.09769993
0.04218238,0.08835506,0.036302224,0.0365360548150307,0.06509137
0.035795324,0.036177732,0.02935128,0.029869631067994,0.03961037
0.07077759,0.041342255,0.040350366,0.0400431163109565,0.025282817
0.033124994,0.038069,0.035424825,0.0388365221766471,0.024503255
0.058589347,0.0363782,0.041382678,0.0380742774222542,0.028461818
0.04769074,0.04171782,0.045619972,0.0409072148744664,0.04128577
0.03202307,0.036896624,0.03943628,0.0409770520334671,0.037908293
0.028027553,0.043803897,0.041266643,0.043154407286857,0.028935252
0.035942927,0.03773322,0.046728715,0.0453602029387905,0.03570676
0.040320188,0.04540487,0.04696262,0.0462081570276885,0.038186017
0.04151542,0.04318827,0.042794015,0.0443507107556526,0.047979835
0.041012153,0.04448293,0.05055681,0.0460041877795255,0.048354186
0.04953213,0.04601587,0.050784323,0.0504624019889578,0.051205866
0.04566113,0.04947517,0.046153665,0.0467444928257695,0.04803469
0.043264546,0.045618955,0.04479198,0.0449523740360439,0.043334547
0.04216065,0.045096945,0.044847824,0.0434532950011366,0.042764924
0.043276794,0.043151755,0.041639388,0.0418200000420059,0.041634087
0.040482912,0.04165916,0.043506138,0.0422642198158788,0.04016874
0.043438554,0.042255852,0.040710945,0.0424533142504824,0.045509744
0.044177156,0.042050824,0.046725746,0.0456868165777744,0.044122864
0.050735727,0.044387825,0.050699256,0.0497300438469407,0.04797772
0.046146616,0.047758695,0.031362336,0.0483321752613357,0.03714374
0.044615567,0.03586889,0.022451332,0.0186711737406945,0.030072173
0.020584222,0.022165462,0.021226862,0.024212030266067,0.025349662
0.026369715,0.022757603,0.025477769,0.0272134623665088,0.030531166
0.03165903,0.028448915,0.02673731,0.0280842840865283,0.029156365
0.041369334,0.027992807,0.026899824,0.0278249977291143,0.027195148
0.048306707,0.027803177,0.028196126,0.0279139665385275,0.027645027
0.040837735,0.027372383,0.028090315,0.0275051506331499,0.027252927
0.038926408,0.027782002,0.028268134,0.0283246746350669,0.02683997
0.03982053,0.026761098,0.025281616,0.0260679805747706,0.025864016
0.032482468,0.025126748,0.023625394,0.0233987796121688,0.024537588
0.028973814,0.022579655,0.024051683,0.0224919155308587,0.023666741
0.02950612,0.022602126,0.02356996,0.0277651561207084,0.022827616
