real_data,DecisionTree,RandomForest,SVR,MLP,GRU,LSTM,SLSTM,BiLSTM,NLSTM,EMD-LSTM,EMD-SLSTM,EMD-BiLSTM,EMD-NLSTM,SWT-LSTM,SWT-SLSTM,SWT-BiLSTM,SWT-NLSTM,EWT-LSTM,EWT-SLSTM,EWT-BiLSTM,EWT-NLSTM,VMD-LSTM,VMD-SLSTM,VMD-BiLSTM,VMD-NLSTM,SSA-PLSTM,SSA-SLSTM,SSA-BiLSTM,SSA-NLSTM,iTransformer
0.2274649,0.578597,0.473163088,0.243387917,0.275968042,0.2490663,0.23791581,0.22811894,0.23682228,0.22676155,0.234666047,0.256376284,0.227212613,0.245234365,0.33918542,0.34363243,0.35686857,0.3457767,0.226241813,0.240797726,0.22721876,0.271291559,0.25605681,0.21249854,0.263919447,0.252525881,0.215230969,0.211852225,0.240738073,0.232766647,0.21843845
0.2093216,0.578597,0.406480292,0.237149588,0.267233513,0.25753325,0.24528673,0.23764057,0.24659142,0.23740833,0.216760963,0.238213668,0.206095388,0.238732143,0.32316032,0.33032838,0.33743203,0.33155888,0.222955771,0.237372641,0.226547699,0.274265076,0.292779074,0.277682144,0.289054201,0.271495033,0.206811843,0.204756991,0.230928979,0.221947702,0.22265263
0.2262032,0.578597,0.463434542,0.242350627,0.274630897,0.24554937,0.23416445,0.22328459,0.23312737,0.2225395,0.236747764,0.258741927,0.225523288,0.256859513,0.24557042,0.24038209,0.26720673,0.2577817,0.206075454,0.220670136,0.212978784,0.262780695,0.330100471,0.3514104,0.356781532,0.297124148,0.216903848,0.213973996,0.240740508,0.227672821,0.21523903
0.2156417,0.578597,0.421863808,0.236074109,0.267376714,0.25595444,0.24322338,0.23524776,0.2449915,0.23580238,0.236077758,0.254753667,0.229373332,0.247149873,0.21569164,0.20641175,0.23562339,0.22210816,0.206213492,0.220574284,0.214618902,0.269479264,0.328967879,0.399620257,0.405292318,0.30572585,0.215840647,0.214096432,0.239414614,0.228553888,0.22078544
0.2985967,0.578597,0.470315314,0.243179038,0.276280003,0.24955265,0.2378267,0.22816639,0.23752725,0.22793487,0.276951195,0.292676513,0.266653076,0.279763994,0.24170358,0.23038408,0.26365054,0.24949361,0.197437724,0.211817381,0.207795465,0.265358108,0.326522923,0.405850858,0.478912424,0.324071282,0.286700575,0.283601888,0.309120901,0.296213966,0.2180933
0.2248867,0.578597,0.45807948,0.257064431,0.28600427,0.307417,0.29503626,0.29955474,0.29953006,0.3016968,0.279765921,0.310062315,0.265106216,0.301037971,0.23062707,0.22831948,0.2461662,0.24285193,0.225578729,0.238075685,0.235770247,0.306185241,0.280378064,0.302688965,0.29612682,0.273141499,0.230193402,0.229239831,0.2499267,0.247707972,0.2560016
0.2315983,0.2236818,0.380719742,0.261950454,0.273294298,0.26403785,0.2581087,0.2476467,0.25142723,0.24155155,0.208029609,0.232219418,0.206729946,0.221234813,0.20764782,0.20117001,0.23403609,0.22877738,0.194520684,0.208330755,0.208768055,0.268767234,0.265946945,0.270996414,0.267462846,0.242439598,0.210851133,0.206828095,0.234455895,0.225005991,0.22596766
0.2152982,0.2349101,0.404056416,0.24079559,0.265523544,0.26622042,0.25671875,0.24839678,0.25391045,0.24239424,0.214012762,0.227922394,0.203733744,0.230097646,0.20609228,0.2020847,0.22654277,0.21494095,0.194400171,0.206668357,0.205887192,0.265832511,0.27140059,0.262319015,0.255348165,0.253172311,0.214308585,0.215330299,0.235189466,0.231442324,0.22410686
0.2317099,0.578597,0.422584922,0.260271731,0.290185691,0.25438517,0.24570698,0.23622954,0.24371675,0.22862355,0.251078292,0.275283943,0.241126297,0.263237904,0.20681399,0.19786638,0.23118316,0.22063202,0.191653026,0.205802712,0.204778078,0.265718631,0.263374682,0.258379095,0.252270704,0.241187371,0.222838188,0.219006864,0.243598408,0.23598737,0.2233651
0.2186551,0.7376403,0.449705396,0.24229919,0.26378989,0.26330447,0.25386176,0.24779652,0.25628677,0.24158922,0.21697755,0.235643323,0.212053493,0.230641072,0.21025798,0.2026249,0.23219383,0.21862009,0.198679012,0.212467947,0.211812577,0.275748562,0.264228754,0.231231137,0.253302746,0.250351273,0.216477456,0.213273822,0.239908998,0.231434791,0.22860916
0.23191,0.578597,0.421818644,0.257251139,0.282922441,0.25408995,0.2452929,0.23700805,0.24631085,0.23130059,0.237790435,0.256586419,0.228328358,0.248311139,0.20854728,0.2002575,0.23349415,0.22139023,0.197605457,0.211102482,0.209875058,0.273338915,0.260282857,0.228849992,0.252315045,0.241096551,0.225888104,0.223747901,0.246772098,0.237070176,0.22501841
0.2180084,0.2134566,0.234133434,0.242207985,0.255371634,0.26187807,0.25157833,0.24593195,0.25351486,0.24191341,0.221180907,0.245064284,0.214428688,0.234610572,0.20778358,0.20288728,0.22636619,0.21792589,0.204302663,0.217271556,0.214780275,0.280786304,0.262125065,0.243781075,0.246898618,0.238525884,0.217567332,0.215374718,0.242471203,0.231668676,0.22571757
0.2320783,0.578597,0.466148402,0.241466076,0.275886505,0.25270778,0.24242854,0.23432845,0.239049,0.23070763,0.227260472,0.245708908,0.220555565,0.2390006,0.20738319,0.19940986,0.22862995,0.22169298,0.204387551,0.217890077,0.211635675,0.277005842,0.286672386,0.282317461,0.268653076,0.253763113,0.223515056,0.220692002,0.247775385,0.235650606,0.21943015
0.2210267,0.7376403,0.409688792,0.239609392,0.269330138,0.2618514,0.25038514,0.24388461,0.25108513,0.2419939,0.233983508,0.254639384,0.226886489,0.246170442,0.21167237,0.20081283,0.22930118,0.21913704,0.220248483,0.233320232,0.226552746,0.285262705,0.288176128,0.285022263,0.271621131,0.26158444,0.21430813,0.214127521,0.23724422,0.229811504,0.22689429
0.2307367,0.578597,0.427507492,0.246324724,0.277045114,0.25511536,0.24456134,0.23603702,0.243667,0.23339403,0.225240323,0.245243556,0.217895977,0.237462086,0.20996636,0.20021842,0.23146804,0.2210271,0.224150413,0.237503124,0.229132623,0.28240624,0.292981098,0.295689917,0.284207761,0.268648618,0.225693039,0.222102798,0.247578169,0.235334014,0.22341718
0.2167084,0.7376403,0.410265796,0.241016093,0.268806778,0.261317,0.25011545,0.24323018,0.25089848,0.24108954,0.226456134,0.245996977,0.219377739,0.239146742,0.20769335,0.20029356,0.22788383,0.21772273,0.232893993,0.246180413,0.23651743,0.286650054,0.290634423,0.289443723,0.289783773,0.27025153,0.21194988,0.209688452,0.236208291,0.22922407,0.22626719
0.2336801,0.578597,0.429090526,0.245017395,0.275000617,0.25207743,0.24156752,0.23225246,0.24046294,0.22947842,0.227748402,0.247361689,0.221062657,0.23854077,0.2081765,0.19958964,0.23102842,0.22096784,0.233989883,0.247289396,0.235977981,0.279626264,0.289982693,0.296498644,0.309541952,0.272792686,0.225219534,0.222270438,0.248493144,0.237826755,0.22112128
0.21865,0.7376403,0.412279328,0.241052934,0.270310509,0.26292437,0.25145766,0.24525814,0.25269923,0.2433089,0.234392541,0.253437814,0.226841418,0.246302477,0.20851052,0.20128332,0.22851604,0.21891752,0.246210352,0.259640453,0.247012253,0.290127358,0.29444063,0.307119629,0.305476561,0.275414542,0.215913059,0.214030606,0.239093729,0.231033467,0.22762911
0.2307533,0.578597,0.428616218,0.245898877,0.275102653,0.25352642,0.24316922,0.23424335,0.24212761,0.23141848,0.226808663,0.246226513,0.21985592,0.237274361,0.20732415,0.19853468,0.23031683,0.2206269,0.24603195,0.258889922,0.245072995,0.280714712,0.305412906,0.33566616,0.330125394,0.283914791,0.221969953,0.218907487,0.245269237,0.234263452,0.2223622
0.21812,0.7376403,0.409723726,0.240232818,0.268412847,0.2610691,0.24973883,0.24289808,0.2506185,0.2408754,0.22841254,0.247453965,0.220763573,0.240913194,0.20781149,0.2004662,0.2280241,0.21801315,0.255345439,0.267593212,0.252926752,0.286384706,0.301657152,0.332857599,0.330911664,0.283992449,0.215146675,0.213403809,0.238441844,0.230051044,0.22622304
0.2333099,0.578597,0.449674882,0.245628259,0.275465212,0.25295305,0.24238497,0.23338586,0.24141231,0.2307071,0.234900151,0.25363061,0.227595408,0.246114874,0.2079427,0.1992589,0.23058167,0.22097819,0.25493887,0.266373506,0.250719652,0.278701188,0.297322304,0.323820465,0.351318954,0.285766301,0.224874517,0.221926334,0.248099045,0.237281831,0.22166254
0.21561,0.7376403,0.425002792,0.24038936,0.269952917,0.26274198,0.2513181,0.2450376,0.2523193,0.24310613,0.230021064,0.248817212,0.222528176,0.243018065,0.20718025,0.19989717,0.22716808,0.21769884,0.265381481,0.276306497,0.259718011,0.28769501,0.289943812,0.303917297,0.326658476,0.276841883,0.212837272,0.210860511,0.236245438,0.228001959,0.22759436
0.2323366,0.578597,0.429090526,0.245569744,0.275423062,0.2513577,0.24096206,0.23139773,0.23975733,0.22870609,0.229003359,0.247269584,0.221443807,0.241584517,0.20668015,0.19758847,0.22980683,0.21990915,0.260440364,0.269562013,0.25269767,0.274227386,0.28765297,0.303921639,0.332022764,0.274090589,0.222876203,0.219941215,0.246236252,0.235284352,0.22057022
0.2148718,0.7376403,0.411887194,0.240011842,0.26855693,0.2618412,0.25026247,0.2437151,0.25152397,0.2419947,0.230438339,0.248855384,0.222710462,0.245181105,0.20614105,0.19917952,0.22607695,0.2165267,0.27112009,0.2797348,0.262176872,0.2850201,0.294694691,0.308989479,0.312318234,0.278031047,0.212981714,0.211184542,0.236250045,0.22805951,0.22645803
0.2299801,0.578597,0.44012374,0.245260561,0.275342724,0.25060394,0.240089,0.23046486,0.23886628,0.22794506,0.230724085,0.24858697,0.223465407,0.244384141,0.20498684,0.19611536,0.2281665,0.21873806,0.263491575,0.270241502,0.252590195,0.271290312,0.295153529,0.314810675,0.329383587,0.279351736,0.22064443,0.217435323,0.244347693,0.233123958,0.21983032
0.2145916,0.7376403,0.422317218,0.238486199,0.268119213,0.2599324,0.24821623,0.2412111,0.24941456,0.2397978,0.226325218,0.244092718,0.218825645,0.242057364,0.20580941,0.19826265,0.22585718,0.21590966,0.272537296,0.278473726,0.26052706,0.280290175,0.280468509,0.283303201,0.309621013,0.26864154,0.212142001,0.210391684,0.23569033,0.227186795,0.22497283
0.2328333,0.578597,0.455918562,0.245164558,0.275831603,0.24999025,0.23919094,0.22948377,0.23833291,0.22746111,0.233567094,0.251001005,0.226244068,0.248244404,0.20637158,0.19711462,0.22944257,0.2195717,0.264316539,0.268167645,0.250799115,0.26781959,0.28006093,0.284791664,0.310217217,0.266373635,0.22396086,0.220874382,0.247410611,0.235993593,0.21927054
0.2148549,0.578597,0.408601526,0.238732127,0.26848742,0.26168966,0.24978454,0.24332678,0.25124204,0.24229935,0.236147577,0.253276116,0.228691939,0.252196012,0.2061163,0.19895133,0.22588985,0.21659353,0.273405198,0.276505592,0.259299779,0.278914224,0.26993923,0.273431563,0.277936384,0.252028938,0.212778649,0.210833963,0.236456053,0.227943068,0.22636338
0.2292799,0.578597,0.454285262,0.245102248,0.276086161,0.25033826,0.23960309,0.2298676,0.23836026,0.22793534,0.217500725,0.2333261,0.210377659,0.231213867,0.20440716,0.19534248,0.22770338,0.21845402,0.261051221,0.261462466,0.246006868,0.262419304,0.283161685,0.295033138,0.283767113,0.260637346,0.219787167,0.216664147,0.243541256,0.232323723,0.21968058
0.2153,0.7376403,0.40965969,0.238000104,0.267080365,0.25929713,0.24735604,0.24006097,0.2485099,0.23915482,0.23602771,0.25335912,0.228760813,0.251411625,0.20467627,0.19732709,0.22467704,0.21519446,0.266885466,0.266000828,0.251726612,0.268787042,0.293838571,0.294469754,0.288175605,0.273074844,0.212492976,0.210746095,0.236214923,0.227632902,0.2239693
0.22545,0.578597,0.462915502,0.244745234,0.276561665,0.2503597,0.23934336,0.22970411,0.23839955,0.22801727,0.223558069,0.243182429,0.217043798,0.237910309,0.20283423,0.19396536,0.22601484,0.21682572,0.25531361,0.252196571,0.240333224,0.255811482,0.27501449,0.271772313,0.293002166,0.261535228,0.217219208,0.214015364,0.240833564,0.229733924,0.21948442
0.2164468,0.578597,0.441216644,0.237397099,0.26713359,0.25646058,0.24449773,0.2365051,0.2456178,0.23576418,0.23132322,0.247577156,0.222443022,0.245997623,0.20411508,0.19625102,0.22468892,0.214756,0.256438857,0.251420572,0.241893374,0.257197032,0.276833393,0.263896162,0.287992462,0.263659129,0.212605463,0.210536645,0.236748485,0.227669738,0.22190091
0.2267434,0.578597,0.421177508,0.243791595,0.276097831,0.25063264,0.239264,0.22984292,0.23890409,0.22866294,0.244151529,0.266004275,0.236180854,0.258089453,0.20567837,0.1964876,0.22893001,0.21803848,0.246980559,0.239883687,0.233467285,0.248716153,0.27748326,0.281940452,0.291099252,0.256969448,0.219097906,0.216675518,0.241999018,0.229256789,0.21973397
0.2143484,0.578597,0.406581156,0.238293577,0.267867449,0.25720426,0.24515165,0.23745973,0.24639675,0.23699641,0.216172175,0.237778066,0.209259795,0.230756702,0.21797046,0.20884335,0.23835297,0.22449741,0.246240989,0.236984216,0.233608244,0.249993833,0.290405301,0.305359991,0.290206702,0.266590561,0.213985575,0.212177158,0.237392214,0.225468782,0.22273546
0.3131433,0.578597,0.431132042,0.241980417,0.274330241,0.24914426,0.23773,0.22784603,0.23692913,0.22691919,0.282606788,0.298270161,0.271247925,0.295575982,0.25322205,0.24174562,0.27457294,0.25893342,0.234554204,0.223034324,0.223212522,0.239206243,0.335921788,0.358280564,0.343328523,0.312489441,0.301423422,0.298876002,0.323306358,0.310336226,0.21839598
0.24785,0.2483834,0.408040992,0.264099178,0.292157133,0.31760213,0.30546802,0.31230116,0.3104737,0.31464082,0.31392422,0.337862977,0.30279162,0.327767102,0.24895686,0.24640195,0.2629151,0.26040852,0.276506108,0.262746449,0.26474899,0.298611313,0.29122313,0.30068235,0.276824472,0.279062503,0.254133332,0.253804483,0.271932775,0.271096654,0.26380187
0.2419883,0.2350433,0.382098718,0.269778088,0.277754143,0.2817334,0.27670237,0.26905957,0.27018172,0.2625263,0.264137058,0.283879406,0.260069848,0.270940067,0.22316213,0.21745586,0.249238,0.2434648,0.235188899,0.218652427,0.229379506,0.254774758,0.259588311,0.25448008,0.246902202,0.23990358,0.221630678,0.217301458,0.243688751,0.236452469,0.23927362
0.2374566,0.2389116,0.348318468,0.249699063,0.268554279,0.2772766,0.26990604,0.26342592,0.26530066,0.25392514,0.239900912,0.255140841,0.23249258,0.247117689,0.22181904,0.21805276,0.24274361,0.22962217,0.227377513,0.208586061,0.220512309,0.241446861,0.243612152,0.223987217,0.225374758,0.231346964,0.232836609,0.234215802,0.252215517,0.249546232,0.23373993
0.2357699,0.2389116,0.343271982,0.270554192,0.293793643,0.27362207,0.2666393,0.26106218,0.26402482,0.24959643,0.188777941,0.217699145,0.175657807,0.21142409,0.21913677,0.21290378,0.2424565,0.2322046,0.222595652,0.204603254,0.219636043,0.24526222,0.222845205,0.211969787,0.2033778,0.214207619,0.229873639,0.227084317,0.248159706,0.244298257,0.23865059
0.2386317,0.7376403,0.418001868,0.252714665,0.264165884,0.27100766,0.26443955,0.258991,0.2644813,0.24758694,0.18834205,0.211473289,0.176297512,0.209466769,0.22360753,0.21650882,0.24643078,0.23126453,0.2163321,0.197197964,0.215982743,0.243011674,0.261100932,0.247835725,0.242491105,0.265291097,0.231880653,0.228214362,0.254361049,0.246566001,0.23891078
0.2358033,0.7376403,0.378031658,0.264981747,0.287483508,0.27155274,0.26486042,0.2604852,0.2662431,0.2498502,0.215100713,0.232389783,0.207426572,0.232528291,0.22153965,0.21524994,0.24564995,0.23143466,0.215157581,0.194367373,0.216365449,0.248766679,0.233299398,0.218558609,0.215888918,0.223745209,0.233336835,0.232491011,0.251452056,0.246087667,0.24012592
0.2367001,0.2156199,0.23526965,0.255943251,0.259024263,0.2688795,0.2617857,0.257139,0.26283604,0.2474898,0.240437457,0.25573051,0.235843605,0.247092342,0.22059469,0.21637674,0.23997483,0.22991414,0.21078442,0.188546505,0.212991285,0.24687197,0.192826772,0.176422888,0.18114714,0.1842689,0.233348398,0.230925247,0.256383765,0.246296709,0.23397148
0.2361233,0.2156199,0.231928122,0.247396574,0.274616098,0.26871276,0.2606002,0.2566738,0.25751093,0.24802527,0.269812585,0.280403264,0.270139267,0.273439021,0.21970043,0.2148326,0.23851365,0.23111537,0.211059439,0.187929617,0.211609272,0.252409415,0.213338802,0.203335792,0.207329979,0.214787047,0.231950018,0.229715855,0.254392106,0.244933012,0.23443235
0.2361882,0.2156199,0.231329232,0.250964557,0.274588349,0.26850176,0.26013413,0.2551738,0.25898147,0.2475646,0.283112585,0.29184895,0.292467574,0.289338264,0.22187527,0.21058726,0.24032107,0.22945768,0.220041623,0.194961677,0.221346436,0.253574313,0.2118501,0.202528228,0.2003873,0.211622995,0.225632795,0.225752311,0.246892852,0.240410083,0.23588277
0.2338917,0.2156199,0.23200593,0.250205048,0.274311681,0.26847956,0.25997686,0.25487712,0.25900537,0.24756713,0.283992882,0.294758108,0.286474464,0.278019411,0.22225957,0.21330568,0.2408058,0.22915347,0.228066595,0.201673764,0.229786773,0.260001675,0.301023385,0.297655746,0.281717929,0.30406992,0.232496246,0.229875949,0.25264321,0.242199963,0.23600215
0.2381366,0.2156199,0.281518672,0.250575882,0.274436482,0.26682818,0.25828972,0.2526842,0.25737387,0.24551238,0.287420898,0.297150989,0.278449517,0.270528611,0.2211599,0.21292625,0.24090062,0.22972281,0.233016437,0.205595179,0.235105338,0.260457005,0.330453241,0.319893737,0.302301294,0.308931142,0.230237505,0.227970201,0.25269624,0.246520844,0.23477277
0.2305968,0.2156199,0.232202224,0.250694755,0.274521412,0.26955155,0.26081827,0.25605136,0.26035357,0.24910069,0.296465648,0.304444583,0.275378002,0.285385435,0.21977556,0.21222197,0.23946887,0.2285541,0.245259273,0.216997782,0.24770066,0.271331246,0.264381004,0.243101482,0.259578351,0.256033988,0.226053422,0.224143581,0.247570283,0.239854788,0.23700787
0.2393201,0.2156199,0.254520536,0.249824811,0.273481047,0.26452023,0.2560234,0.2497674,0.25478387,0.24272044,0.284257718,0.29563553,0.252039804,0.275664861,0.22452456,0.21582858,0.24515367,0.23255259,0.249909155,0.220674385,0.252121264,0.267399985,0.293409222,0.280613874,0.298266137,0.265220953,0.232317182,0.230511609,0.253924635,0.244169144,0.23242782
0.2509134,0.2156199,0.23088779,0.249680086,0.274322863,0.2700117,0.26099262,0.25644034,0.26077864,0.24985953,0.238973394,0.264391402,0.205364073,0.248057339,0.24065343,0.23182249,0.25969383,0.2456217,0.267454391,0.237732962,0.269809337,0.283213672,0.297238501,0.296294043,0.292887861,0.247793461,0.247878504,0.246915353,0.268200914,0.259033612,0.23694196
0.2954333,0.3160733,0.291642092,0.256373796,0.280049651,0.27886882,0.2702977,0.26778412,0.27010134,0.26101413,0.219214648,0.255998102,0.187860819,0.220548389,0.26510134,0.25599954,0.28341317,0.27033368,0.284201583,0.254548359,0.286414138,0.296557979,0.391681298,0.412511625,0.357413479,0.334809024,0.289470006,0.287792987,0.308955962,0.301199221,0.24354395
0.2943966,0.3315666,0.333204998,0.271865186,0.289643628,0.31160665,0.30380562,0.30815023,0.30431482,0.30205238,0.258561924,0.27705188,0.236054932,0.293154591,0.26896998,0.26429117,0.28564322,0.27826032,0.323046581,0.294606856,0.325534658,0.344312523,0.455625495,0.497469379,0.425797937,0.410434871,0.289859172,0.288559707,0.307427854,0.305359415,0.26425976
0.2454034,0.3159851,0.418888054,0.284315771,0.290132497,0.31646144,0.3116807,0.31325603,0.30823174,0.30403394,0.272908049,0.315197054,0.259581601,0.311795381,0.24077542,0.23880647,0.26193655,0.2561199,0.333317982,0.302866296,0.334189116,0.342131346,0.24683295,0.255188238,0.471411162,0.281553926,0.235629823,0.234021878,0.253635544,0.25337296,0.26857105
0.2301801,0.2350433,0.318025646,0.26957178,0.275173712,0.28591776,0.28287995,0.27686286,0.27579874,0.26110527,0.243740691,0.29353859,0.249901957,0.232284142,0.2274712,0.22389273,0.24995106,0.23737176,0.319821732,0.285113055,0.317642763,0.305972264,0.188471499,0.14922106,0.220756259,0.204643223,0.218331333,0.218238046,0.237475161,0.233134334,0.24745242
0.2535834,0.2389116,0.30570537,0.261522598,0.278633227,0.2722191,0.26744002,0.26023138,0.26318532,0.24385193,0.280699912,0.272307342,0.297799711,0.24657912,0.25758705,0.25438905,0.2793134,0.26088533,0.322656012,0.287329686,0.320521077,0.305691149,0.181487307,0.189746825,0.184609182,0.191098339,0.248565365,0.251170817,0.266191012,0.257214924,0.23663463
0.3465517,0.2361083,0.237559584,0.267202182,0.283075687,0.2849262,0.27964097,0.27864233,0.28108463,0.26315096,0.372060264,0.371353827,0.373825828,0.385045527,0.3490824,0.34607372,0.36501616,0.34582305,0.358744154,0.332351815,0.358944711,0.344695099,0.286384833,0.304131733,0.265933283,0.268950477,0.354313202,0.356128354,0.3704933,0.369961825,0.25161186
0.579167,0.528922,0.467487886,0.309444353,0.313692872,0.34849572,0.34433913,0.35739207,0.34917897,0.3473591,0.442887669,0.488980144,0.425399026,0.463136784,0.463684,0.4586313,0.47181395,0.46345153,0.434385085,0.417941892,0.434217501,0.443457956,0.595830376,0.607652113,0.563071737,0.602118565,0.572856425,0.576628088,0.58048785,0.594128161,0.30381092
0.3421349,0.3534717,0.54342242,0.463655334,0.44005467,0.4969075,0.49511185,0.5076134,0.49723235,0.508287,0.435238996,0.444660946,0.403605704,0.437554844,0.3784502,0.39034462,0.39444172,0.40679684,0.580611287,0.561062466,0.57205628,0.599956496,0.417440497,0.400475278,0.393087638,0.418990637,0.354711297,0.36271896,0.362400797,0.387622068,0.4183527
0.3475849,0.2860134,0.447467918,0.330767619,0.382139259,0.36654133,0.3771529,0.35910082,0.3646901,0.3458054,0.479191107,0.506716228,0.461226477,0.502504971,0.37026745,0.3774882,0.38802654,0.39234915,0.415290532,0.384771373,0.408099403,0.43684347,0.369233295,0.359669916,0.360839869,0.414850802,0.303128265,0.299124202,0.317567559,0.31508587,0.32938528
0.5827014,0.2914699,0.446985872,0.326490607,0.376475079,0.37511215,0.3775109,0.37771565,0.36586347,0.35365778,0.349531823,0.415648268,0.342200505,0.367769408,0.5113772,0.51917034,0.5058503,0.49037397,0.465115597,0.418372024,0.444762756,0.422439457,0.551032063,0.565560134,0.587544514,0.562117032,0.550797122,0.582279775,0.569981776,0.56143628,0.31410047
0.4315237,0.9746233,0.658767108,0.460056499,0.280344591,0.51063246,0.51389813,0.52363294,0.5180702,0.5105198,0.608529181,0.550202053,0.596270482,0.638517813,0.6671231,0.6801833,0.66255265,0.669475,0.655634587,0.655679061,0.640029326,0.662637726,0.663016124,0.687259232,0.818842214,0.636156721,0.485005816,0.490458471,0.510069102,0.570649872,0.45537236
1.655209,0.6583384,0.644052424,0.334725532,0.316998101,0.43173847,0.43768698,0.4207495,0.44353715,0.4148695,1.115103461,1.08888195,1.040780153,1.149676477,1.337004,1.3261446,1.3591026,1.2550005,0.503145846,0.47499571,0.492208118,0.505393662,1.231271225,1.197365785,1.636579673,1.215558737,1.597626999,1.523278916,1.599475126,1.456797471,0.40042365
1.686489,0.3170034,0.579180442,0.455431942,0.730195401,0.6910574,0.7225435,0.68176454,0.7411024,0.6574267,1.273767126,1.271030952,1.161244442,1.094062607,1.1519494,1.1830802,1.2253503,1.1890258,0.6815884,0.685416509,0.691517396,0.666494864,1.074294364,1.058678153,1.073502529,1.002967251,1.607043587,1.550940093,1.58209015,1.552315295,0.9756899
0.3076716,1.2728,0.628109772,0.436683644,0.593947863,0.67359173,0.6786649,0.6800123,0.748239,0.65061873,0.80327087,0.746375153,0.744682042,0.967128316,0.50422233,0.5011099,0.55100435,0.6120089,0.520606047,0.618140899,0.617385519,0.662071803,0.522758049,0.496571343,0.532037345,0.470320922,0.487059203,0.451631094,0.471903292,0.552556209,1.1257042
0.3245966,0.2909384,0.327724078,0.451938445,0.274240552,0.41752383,0.4749737,0.5048731,0.51174814,0.38882694,0.116422389,0.162591276,0.104874537,0.125973497,0.42359352,0.53018755,0.4089754,0.4509564,0.506518912,0.575943862,0.543071301,0.522824251,0.378072663,0.437009598,0.413536235,0.419164492,0.41527141,0.44263129,0.360747066,0.442017658,0.49966303
0.3145184,0.3032651,0.476501708,0.431339036,0.898841874,0.36449933,0.36082998,0.3339862,0.3774469,0.3347182,-0.210693402,-0.198204092,-0.268073202,-0.27734014,0.3143392,0.33898416,0.3127252,0.31262904,0.376931543,0.344746056,0.396764645,0.459971362,0.255512627,0.381958945,0.321115171,0.315654358,0.377308032,0.384109079,0.329544725,0.396167029,0.38726825
0.3671787,0.908904,0.395521432,0.443648776,0.657246713,0.3317472,0.3251885,0.31478497,0.33996725,0.3254648,-0.100677796,-0.138080146,-0.14724286,0.078455677,0.3646939,0.35519323,0.3798138,0.3405254,0.355606295,0.337515224,0.414995987,0.496996711,0.478602349,0.534499208,0.536486853,0.46569853,0.504972003,0.369286157,0.413720128,0.428027976,0.5066247
0.2916368,0.3011767,0.421627588,0.413154835,0.595000177,0.34801048,0.3437565,0.37536225,0.36265254,0.36958465,-0.049643053,-0.062363244,0.028728689,0.177701691,0.29630864,0.30349442,0.32384387,0.30944315,0.416450082,0.51662151,0.505214877,0.618375443,0.508768201,0.494258045,0.579028339,0.613332853,0.330757026,0.31096944,0.34035668,0.301294115,0.40495518
0.290855,0.2573616,0.293837392,0.397471305,0.366087595,0.30621642,0.28985554,0.3043541,0.29534918,0.30696446,-0.010305704,0.01014751,-0.028875238,0.167266931,0.31171697,0.3022321,0.29570037,0.29110998,0.367160129,0.394404316,0.376778741,0.601384804,0.316548837,0.28563959,0.87353736,0.447057194,0.356823571,0.326609332,0.290098611,0.330697927,0.24870563
0.2888533,0.2761934,0.290441426,0.37979912,0.392816835,0.296582,0.26973596,0.28989878,0.24128304,0.30262107,0.165615841,0.1533676,0.162078536,0.15791812,0.2884656,0.27548924,0.3024466,0.30430797,0.353821734,0.306903805,0.371232676,0.615661153,0.391793529,0.412061128,0.835004247,0.36092068,0.357706003,0.315031713,0.374652546,0.285206384,0.20832856
0.2890851,0.2902784,0.383188826,0.296763911,0.228269475,0.30713978,0.28417736,0.30427468,0.25651947,0.30049464,0.3500306,0.364142196,0.380853425,0.525411301,0.38599166,0.41091612,0.44383055,0.43228966,0.379234647,0.395909007,0.271202788,0.617321218,0.506687127,0.700516476,0.696281465,0.43223563,0.346587097,0.335458867,0.36653911,0.330187478,0.24750102
1.0883383,0.2955451,0.384287856,0.295509437,0.332396445,0.31961632,0.31998947,0.32238746,0.31987718,0.30026346,0.600741722,0.598763304,0.641307813,0.713884907,0.83175415,0.8458819,0.8637356,0.8322942,0.848893437,0.750493253,1.38468057,0.615379586,0.730364246,0.771478464,0.96806424,0.711866426,1.034674459,0.997856099,1.089503537,1.047097851,0.2936251
0.7490634,0.3269333,0.44118008,0.624725018,0.295090205,0.6648397,0.6811932,0.64470553,0.6764298,0.6435969,0.557881917,0.576532528,0.533968122,0.670058138,0.6925951,0.68598074,0.63340944,0.6942229,1.239025687,1.143195522,0.703157945,1.011934347,0.711383182,0.818675921,0.720565377,0.74115014,0.811758893,0.795965916,0.813131583,0.853621503,0.6783798
0.3221117,1.203888,0.717689264,0.495446297,0.535182181,0.5395631,0.5554482,0.51826984,0.5806853,0.5689026,0.427508723,0.498003131,0.445299447,0.559504092,0.36212704,0.37793595,0.42256457,0.3992181,0.681592765,0.567636588,1.164947125,0.849327102,0.371479514,0.428138706,0.368204566,0.413534559,0.305847275,0.328373782,0.282672745,0.344885239,0.57749426
0.30403,0.3235401,0.40379664,0.366567525,0.441116079,0.39337566,0.40594733,0.3917326,0.40126666,0.34583867,0.358486186,0.422406482,0.296689857,0.361961055,0.3232259,0.29763758,0.34011358,0.33741885,0.629285125,0.556363773,0.710036219,0.527774608,0.291372994,0.339921128,0.276748231,0.344065773,0.30067248,0.311132288,0.303265878,0.329617777,0.37099898
0.4011513,0.2852184,0.383874802,0.37932754,0.306346924,0.36352664,0.3584267,0.3431827,0.35312125,0.31844446,0.296447367,0.297440655,0.265792553,0.227993783,0.36469796,0.3662696,0.36649913,0.3516123,0.559168908,0.496364276,0.518090639,0.429551438,0.328306898,0.277162756,0.317706772,0.353021522,0.42282975,0.434019975,0.429053829,0.409358688,0.34505498
0.3116083,0.6994564,0.504179646,0.470354877,0.480530316,0.40416348,0.40564883,0.42056113,0.4200654,0.39630756,0.364832945,0.325253155,0.329997026,0.378902334,0.37109986,0.36843592,0.38410568,0.36667898,0.561172154,0.626530278,0.470083165,0.574582994,0.477275061,0.501524931,0.471086638,0.468864825,0.314848466,0.305105005,0.324470064,0.29769853,0.44760054
0.4237999,0.5864444,0.40759689,0.496526348,0.415036338,0.34463394,0.343454,0.34007266,0.3635159,0.3249635,0.532812728,0.635798337,0.497163488,0.525584741,0.43577093,0.4355628,0.41278467,0.40832207,0.383161509,0.384301956,0.395026455,0.508617218,0.585690495,0.588021579,0.756631495,0.643436088,0.431989716,0.434273579,0.419008731,0.428190485,0.3467476
0.55749,0.43955,0.473433358,0.400580214,0.408912253,0.3984678,0.3991627,0.42315573,0.41377878,0.41244912,0.52603369,0.49489863,0.502418452,0.516418176,0.5223956,0.51783586,0.5078908,0.5493404,0.441621104,0.469486685,0.520045358,0.576192431,0.481964215,0.504510169,0.990840889,0.546921444,0.581457132,0.578106985,0.564844968,0.627219993,0.36876735
0.5477317,0.3770166,0.443932028,0.390898385,0.257150686,0.47496063,0.47211993,0.49773023,0.45990667,0.49557388,0.692100812,0.721359682,0.647822609,0.65811855,0.47479132,0.49946478,0.55742496,0.5046995,0.473435337,0.490414725,0.473056596,0.660325777,0.498183706,0.5256346,0.497993822,0.507605689,0.571927738,0.566606867,0.584492957,0.575164368,0.4371729
0.731957,0.3396966,0.47025371,0.42621612,0.277046021,0.49001667,0.48745045,0.4896548,0.48352858,0.48845062,0.71351089,0.71778945,0.672920801,0.705632483,0.6537119,0.62723804,0.66759104,0.64660823,0.515433758,0.503646232,0.528053171,0.662746392,0.565828122,0.642497656,0.544609922,0.556813623,0.654280158,0.65225033,0.656347589,0.669623001,0.46472064
0.7522067,0.743883,0.508559064,0.523926965,0.49393775,0.5898952,0.58781594,0.5830192,0.600144,0.5688138,0.746582857,0.766794684,0.721748161,0.773730802,0.6959399,0.70518714,0.7026999,0.6869405,0.712845974,0.651544394,0.594666336,0.711861219,0.577188743,0.614468851,0.564304687,0.581458046,0.737431397,0.729391926,0.749273231,0.763976526,0.5465924
0.7368903,1.203888,0.631470402,0.540554767,0.241250299,0.6029121,0.59322256,0.5799035,0.61867595,0.575271,0.759695483,0.791001351,0.739770607,0.780020116,0.62252253,0.6314823,0.62629056,0.6342088,0.556323032,0.512843959,0.552909684,0.622308639,0.548289086,0.60807063,0.554960087,0.574383674,0.695827702,0.685702909,0.69776535,0.742645986,0.60380054
0.2806117,0.3097116,0.557789664,0.503018544,0.686129946,0.60050327,0.5901915,0.5852218,0.62144786,0.5750265,0.424193307,0.451082353,0.399850268,0.437052786,0.38302425,0.4032533,0.41588086,0.42230007,0.466049738,0.449474103,0.492127263,0.458564513,0.31542926,0.375581128,0.344026944,0.34532273,0.298625546,0.307592259,0.307457927,0.365710323,0.61915106
0.2502233,0.2931934,0.328281722,0.373845087,0.415754245,0.37718093,0.37755787,0.35788748,0.39631182,0.31782058,0.132044855,0.154929812,0.131185477,0.141124363,0.29237735,0.3013669,0.29802525,0.3336601,0.315543725,0.333928363,0.372883072,0.325908207,0.189809548,0.223704414,0.199117248,0.224680509,0.214296978,0.231004008,0.224243015,0.251655848,0.3529475
0.2546501,0.2755066,0.344413568,0.335003188,0.40099917,0.30946854,0.3038797,0.2614117,0.311236,0.27033922,0.199107154,0.200718124,0.178065948,0.207735265,0.2517187,0.24855615,0.26438627,0.24121891,0.231108925,0.222747458,0.260423334,0.245731801,0.245887887,0.262511496,0.242809527,0.251283341,0.28549739,0.301820253,0.280831654,0.331576089,0.2870884
0.2551051,0.2471399,0.248368778,0.306694683,0.178952448,0.29392904,0.2883612,0.28624403,0.30348188,0.2683124,0.252759763,0.282560667,0.238173398,0.258482501,0.25877786,0.24305856,0.27321965,0.25262356,0.21653675,0.220795826,0.251058265,0.277319258,0.284330964,0.299620259,0.281145933,0.238687402,0.257662996,0.250552823,0.256507341,0.276916621,0.28415462
0.2473817,0.247345,0.2726732,0.263824681,0.24214299,0.2880071,0.28094652,0.28660956,0.298721,0.2677207,0.277902302,0.283847654,0.269247278,0.281583143,0.25310117,0.2407757,0.26043168,0.24804828,0.21504337,0.218876058,0.24874694,0.278310696,0.328571288,0.324990962,0.318007067,0.279856967,0.272421086,0.261624066,0.266937507,0.27758659,0.2519074
0.2585932,0.2581299,0.253903462,0.277646271,0.251097619,0.277149,0.26619354,0.2698327,0.27102128,0.26003772,0.297517981,0.316923424,0.280925704,0.310329725,0.25186664,0.24447899,0.26093754,0.25086743,0.20055607,0.189172739,0.21909701,0.264750029,0.286278402,0.249804287,0.26863062,0.206890601,0.29053189,0.273492409,0.279243446,0.265787479,0.24737808
0.2446533,0.2478334,0.24396424,0.274746168,0.283960093,0.28312203,0.2726902,0.27912265,0.26526076,0.2691282,0.21364135,0.227585219,0.210513213,0.242540288,0.24900982,0.23546326,0.25367743,0.24571767,0.207189723,0.192996827,0.219900066,0.277765944,0.236329731,0.186788429,0.212493845,0.178642297,0.260159917,0.249850857,0.284688274,0.258327101,0.22680563
0.2626267,0.2649549,0.263071462,0.25862744,0.248373909,0.2760131,0.26688403,0.26673946,0.25172785,0.25738636,0.231264391,0.236753605,0.225872894,0.266325822,0.23067857,0.21978678,0.25744912,0.24746129,0.212557875,0.202319377,0.218465735,0.261482618,0.270435426,0.233087843,0.251203627,0.257108112,0.248559652,0.243777439,0.270626843,0.250373834,0.23219952
0.2439967,0.2410683,0.246565098,0.263461088,0.279848666,0.2905007,0.28449914,0.28476048,0.28283972,0.27238438,0.266504092,0.284347624,0.258554748,0.30048926,0.2465126,0.23507911,0.2574919,0.24419482,0.274655408,0.256509101,0.273188741,0.28009053,0.273449777,0.256892766,0.262577788,0.289957089,0.230893948,0.231049349,0.248707297,0.247998611,0.25628722
0.26047,0.3257383,0.291442208,0.26599321,0.276231418,0.27897015,0.27391466,0.2698653,0.27135378,0.25705928,0.282912489,0.295488704,0.27321661,0.293523099,0.24422035,0.23361862,0.26255137,0.24715234,0.252498504,0.234136452,0.25612682,0.260579624,0.295937162,0.3077908,0.278194708,0.294569793,0.264096025,0.25479658,0.285575075,0.275022454,0.24600099
0.2434883,0.2412165,0.245411382,0.261763401,0.275073692,0.2891814,0.28313026,0.28261602,0.28203955,0.270396,0.254379856,0.264603449,0.24400754,0.259491939,0.24087057,0.23508362,0.25765046,0.24488758,0.255242668,0.239062518,0.262008189,0.273241822,0.276945412,0.279266418,0.263107303,0.265549012,0.233341145,0.231872582,0.258151356,0.264131468,0.2550932
0.26371,0.261595,0.276309848,0.266517779,0.27879196,0.27845934,0.2732753,0.26924834,0.2706572,0.25644523,0.255006579,0.265728088,0.244628501,0.262184459,0.2413066,0.2330743,0.26131755,0.24875613,0.239014669,0.224157876,0.249403645,0.259914393,0.253886159,0.237069131,0.241623056,0.230810016,0.2524958,0.25054222,0.272497832,0.266812093,0.2473337
0.2470183,0.2412165,0.247835378,0.262653523,0.274619164,0.2913275,0.285259,0.28531924,0.28472066,0.27325982,0.259282954,0.280928541,0.248935336,0.278903802,0.24195348,0.23631978,0.25867814,0.24663529,0.248710888,0.23495157,0.260116089,0.27763932,0.274577719,0.245395525,0.250405845,0.249931002,0.245759491,0.244910827,0.26468298,0.260363656,0.25664702
0.2579033,0.6985347,0.41270987,0.268467832,0.280161468,0.28116485,0.27614683,0.2726365,0.27341837,0.2598368,0.276720306,0.29107995,0.273866387,0.288193048,0.240437,0.2327538,0.26078558,0.24850683,0.238575087,0.226127496,0.251572197,0.266718742,0.324727455,0.301436001,0.292709247,0.280041809,0.248161426,0.246357855,0.267492867,0.261061322,0.25047904
0.2510133,0.2518883,0.250417034,0.261408243,0.271699918,0.28780404,0.28197727,0.2807984,0.2808624,0.26835367,0.250024553,0.263461127,0.238900089,0.269219605,0.24662943,0.24035242,0.2637371,0.25015497,0.248552513,0.236726309,0.261351284,0.279200339,0.322752174,0.315823518,0.290831896,0.279136836,0.248320187,0.247905137,0.267482261,0.262249312,0.25326562
0.2809466,0.6985347,0.390634892,0.268431715,0.282153136,0.2836836,0.27837485,0.27587655,0.27595437,0.26301765,0.289866692,0.309350695,0.272827963,0.303466565,0.25815988,0.25035235,0.277501,0.26378226,0.247736379,0.237482244,0.260565031,0.27673579,0.276264235,0.278861493,0.259157307,0.245062612,0.273042449,0.271561744,0.291293654,0.284717934,0.2526372
0.279835,0.3315666,0.286233052,0.271864149,0.279317669,0.3041848,0.29859108,0.30134287,0.2984369,0.2893952,0.27981012,0.295630525,0.276820404,0.297018885,0.2692387,0.26337087,0.2849192,0.27277753,0.270474901,0.261423257,0.283020793,0.306146765,0.244907194,0.230880793,0.233895182,0.240542927,0.276709693,0.276544766,0.294336011,0.29139574,0.26591194
0.2840201,0.2624783,0.450060984,0.283463938,0.287858265,0.30633077,0.30235258,0.30341133,0.29961762,0.29049858,0.33160087,0.337840706,0.320474857,0.32966402,0.27046904,0.2647629,0.2898122,0.2779714,0.274655881,0.266957039,0.286790233,0.307186544,0.220686932,0.204178739,0.206502863,0.227572104,0.276157331,0.274752029,0.29311356,0.289377757,0.26800874
0.2950384,0.2802851,0.334440144,0.281394736,0.277743025,0.31090382,0.3073888,0.30890325,0.3045216,0.29443774,0.377876472,0.398906401,0.36676342,0.389005761,0.2768363,0.27239236,0.29407746,0.2816415,0.287021273,0.280035927,0.298126392,0.315024743,0.262024223,0.256673777,0.245658513,0.277407673,0.286352096,0.286481417,0.303584094,0.301964383,0.271016
0.2789133,0.2883217,0.37795082,0.294099867,0.292622676,0.31998837,0.31708366,0.32020095,0.31374153,0.30468035,0.398612805,0.423414354,0.391406728,0.420525075,0.27353576,0.2708023,0.29200572,0.28103957,0.298561194,0.293922965,0.309133987,0.32606863,0.300619651,0.305401804,0.284755644,0.316637971,0.274173455,0.273693669,0.289509436,0.289409998,0.2784819
0.2969401,0.2673917,0.333109694,0.288438954,0.278200182,0.31094053,0.30931726,0.30905515,0.30547473,0.2911827,0.335236439,0.370872735,0.325467137,0.362553593,0.27868047,0.27386713,0.29751563,0.28341314,0.302290129,0.298590089,0.312092568,0.317924226,0.248829356,0.2477391,0.230876582,0.249807885,0.284483009,0.283676537,0.301838241,0.300266787,0.27368
0.2845783,0.281225,0.342626594,0.295883888,0.315063079,0.32262853,0.32077235,0.3244342,0.31876516,0.30626708,0.231119678,0.263815048,0.214977562,0.265131874,0.2793597,0.27749258,0.29747465,0.28393772,0.31769823,0.31628335,0.327188999,0.334261689,0.275014004,0.281292879,0.272050949,0.293037783,0.282476098,0.282885045,0.296895831,0.298222406,0.2814912
0.2955183,0.313365,0.315705746,0.296760087,0.311544228,0.3155262,0.3147488,0.3154706,0.31230286,0.2964115,0.240300308,0.251407678,0.232497935,0.272814132,0.29253152,0.292087,0.31169277,0.29720768,0.321248753,0.321042931,0.33002886,0.328649935,0.301702982,0.299323756,0.289626645,0.290958292,0.28267586,0.287090724,0.300848119,0.294065901,0.2797013
0.286475,0.290445,0.323944,0.295848446,0.317202072,0.3222299,0.32103273,0.32451004,0.31877798,0.30542806,0.404323064,0.415197805,0.391815115,0.372396871,0.35688266,0.36508945,0.37097913,0.3562335,0.331556038,0.332893009,0.339165794,0.33755351,0.377928771,0.365320687,0.350904564,0.346596569,0.299251336,0.304580725,0.315718263,0.310200149,0.28884587
0.72564,0.2875467,0.291205808,0.298789227,0.316914678,0.3168808,0.31616837,0.3175434,0.31333762,0.29809004,0.583933509,0.614343089,0.545948639,0.554443045,0.5388987,0.5461402,0.54805404,0.5341337,0.337107884,0.338948498,0.342835921,0.334381626,0.544560215,0.530445889,0.511062747,0.503391433,0.697859476,0.702737556,0.706262077,0.723714392,0.28653973
0.371633,0.771294,0.556582476,0.595923482,0.881675846,0.56378245,0.5673006,0.5715749,0.56904835,0.57180464,0.555300479,0.583001947,0.512772459,0.531443982,0.4244151,0.4483224,0.4099845,0.46377498,0.517427481,0.510610662,0.509766815,0.513669368,0.429683736,0.421337913,0.425809534,0.447989385,0.40784086,0.409197965,0.408214659,0.439976755,0.49171448
0.2939433,0.3108117,0.405401788,0.312929481,0.375647137,0.37596163,0.39439598,0.35811576,0.3878525,0.36015952,0.310561277,0.336617716,0.326073737,0.336176397,0.29632604,0.30071434,0.32216513,0.31755176,0.37229001,0.378433937,0.384534865,0.382653813,0.357274958,0.346188528,0.345339039,0.332875524,0.242913687,0.239416063,0.249430138,0.271173124,0.3518869
0.2935534,0.27936,0.318476098,0.294852434,0.353859506,0.3420017,0.3476646,0.33102092,0.3346022,0.30892795,0.286373652,0.29233172,0.288350977,0.314420079,0.28046384,0.25907192,0.29254285,0.2674604,0.333384132,0.315926586,0.324241789,0.311345839,0.359751346,0.346090454,0.327943957,0.343316372,0.298747788,0.313780397,0.306762821,0.310990334,0.29810023
0.2800899,0.2831566,0.317366058,0.299799634,0.334123051,0.33711445,0.3379214,0.33536136,0.33387038,0.30562803,0.25367556,0.272467344,0.248215618,0.310758341,0.28373212,0.27846614,0.2981027,0.2890383,0.348521665,0.359758051,0.35848937,0.337619072,0.318852692,0.311142814,0.29814995,0.297916615,0.284630928,0.28401027,0.295531152,0.303566688,0.3182035
0.3033383,0.5582513,0.377566748,0.297400453,0.312231434,0.321665,0.32298318,0.31998926,0.32842276,0.2932803,0.296658832,0.300917715,0.293600875,0.309608041,0.29876134,0.2916222,0.30555844,0.29137316,0.341410687,0.36106275,0.355363326,0.329715957,0.392193246,0.377480091,0.378971267,0.363104488,0.28718152,0.284445399,0.311011404,0.299543014,0.31674504
0.2852618,0.3031983,0.327189366,0.31103197,0.351401051,0.32899022,0.32985613,0.33446246,0.34076858,0.31244448,0.310986701,0.325535035,0.290436037,0.299018115,0.2935916,0.28933704,0.2984808,0.2859119,0.352653303,0.368217374,0.37037838,0.35730456,0.346348837,0.350510282,0.363508137,0.32781704,0.303543315,0.307502036,0.297274573,0.310960134,0.31554267
0.29493,0.28678,0.301067784,0.290604675,0.294888575,0.3140125,0.31249708,0.3146963,0.31795004,0.2975599,0.309288738,0.333987345,0.290382594,0.295070358,0.28420296,0.2813259,0.29116324,0.28121793,0.329899937,0.337204084,0.339195675,0.336092346,0.286136868,0.304909614,0.28676301,0.241220313,0.298538245,0.291843828,0.317262513,0.312185184,0.27646
0.2614017,0.2823117,0.36195343,0.286055612,0.289735668,0.31743145,0.31214753,0.3197897,0.3006142,0.30505803,0.232515869,0.240495895,0.223944526,0.234877017,0.26351848,0.26802552,0.27416152,0.26888138,0.332034708,0.339867054,0.331369219,0.350480049,0.324144735,0.316403386,0.293378354,0.291418295,0.265282911,0.261373728,0.283765929,0.276258809,0.27556026
0.2712851,0.2721167,0.289005916,0.285520555,0.28917492,0.29915524,0.2980669,0.2958619,0.29201576,0.2758589,0.256826088,0.269487162,0.255105879,0.276655988,0.24418858,0.23644695,0.27192527,0.2613996,0.347476808,0.346650811,0.32140312,0.332466563,0.278810989,0.269953137,0.25452043,0.264873306,0.24347006,0.249954768,0.252968955,0.257985523,0.27311718
0.2551417,0.267545,0.262064916,0.278295862,0.309705646,0.30335808,0.30133393,0.3023661,0.29945183,0.28217638,0.250615561,0.27244281,0.249282686,0.28001687,0.25722092,0.25038996,0.27313635,0.2561416,0.389003105,0.388243065,0.359610313,0.353810917,0.321487141,0.304287575,0.295661938,0.325731573,0.272207437,0.266575134,0.285048393,0.270628163,0.27170324
0.271825,0.268465,0.27395486,0.280336852,0.29106527,0.29143763,0.28949434,0.28762403,0.2874261,0.26826838,0.282425345,0.294036333,0.279011907,0.317261382,0.2617556,0.25450602,0.28063127,0.2633229,0.362098612,0.35621746,0.310435068,0.331389408,0.354395799,0.3342626,0.338801109,0.345573421,0.256804219,0.25475803,0.277807082,0.280045438,0.26160148
0.2568767,0.2562783,0.257713468,0.275285238,0.290608264,0.30058196,0.29757482,0.29957488,0.29743218,0.281851,0.297549816,0.309772429,0.294219615,0.313115913,0.29657063,0.29456547,0.31103024,0.29284185,0.391063972,0.387848586,0.356480328,0.351911318,0.346505976,0.3221135,0.387569141,0.356613285,0.260989256,0.264319863,0.278615536,0.274719988,0.26773402
0.465302,0.27019,0.27738694,0.277512745,0.278684409,0.29060417,0.2876541,0.28627956,0.28491342,0.2695751,0.396750698,0.408130346,0.38983784,0.405625562,0.41069335,0.40677506,0.42681533,0.40099937,0.357231998,0.347813311,0.301569486,0.319967117,0.450887501,0.437006461,0.7191397,0.489816855,0.455874423,0.462140778,0.471446018,0.471364299,0.26125175
0.5373084,0.3834583,0.519079226,0.387907993,0.811223362,0.42579022,0.42329276,0.44513446,0.4266111,0.43998215,0.578131268,0.59508827,0.562148869,0.598467629,0.5198697,0.51870507,0.51426464,0.53955054,0.534309565,0.540410029,0.50682155,0.518235627,0.543605983,0.593907252,0.541482737,0.535364039,0.553458815,0.566486987,0.558760819,0.588873449,0.3627022
0.5898317,0.3061217,0.448182562,0.428494277,0.426708927,0.4807749,0.48032352,0.48031765,0.47739288,0.48108923,0.629599438,0.646941867,0.616939329,0.639608007,0.5322443,0.53465766,0.55315673,0.5156062,0.479922069,0.45160899,0.434693452,0.465462935,0.575874904,0.644585361,0.540510825,0.562110168,0.553970787,0.552282062,0.559850019,0.57997046,0.41041395
0.5995586,0.2919933,0.521008506,0.45972969,0.432735426,0.52157265,0.52143335,0.52175933,0.52128917,0.51025635,0.608604247,0.619205025,0.599839406,0.632858161,0.5409472,0.540189,0.53915423,0.5758998,0.495437697,0.46676583,0.467451732,0.425013836,0.56146493,0.613636849,0.524339651,0.580204497,0.560429787,0.560570794,0.566359501,0.58788807,0.44778743
0.5002907,0.3336,0.387649506,0.424393804,0.229402062,0.53731686,0.53437716,0.5301554,0.53921324,0.5163343,0.472895477,0.486153427,0.466277727,0.497422947,0.44985977,0.46318588,0.45249188,0.46899974,0.435518391,0.413939055,0.434817047,0.353885516,0.431689292,0.448331922,0.412992641,0.467812397,0.477066915,0.479607047,0.479538879,0.510673862,0.47665244
0.2666484,0.9746233,0.68637385,0.391979489,1.224229864,0.49210522,0.4902525,0.4852869,0.49842203,0.46735182,0.339721741,0.352009461,0.335446728,0.366102675,0.32887122,0.34410298,0.3342236,0.34633878,0.37423073,0.367116845,0.398967783,0.326402157,0.311344399,0.300939107,0.309538816,0.361979308,0.262287363,0.265932664,0.275295257,0.310687031,0.45312396
0.2673733,0.2660734,0.346421164,0.284926156,0.264898611,0.349808,0.35173315,0.33094144,0.3534644,0.29868108,0.247765247,0.259647789,0.241475708,0.248788919,0.28463525,0.2818186,0.2837236,0.3041997,0.269011813,0.276432139,0.304268142,0.27372853,0.293376036,0.279377955,0.281946622,0.304011013,0.241656897,0.253034607,0.257800474,0.27690705,0.30183503
0.2764565,0.2830933,0.281222428,0.248964865,0.339491778,0.31987542,0.31915286,0.30357426,0.32812148,0.28253096,0.249937214,0.266201991,0.237615653,0.259058262,0.28210875,0.27337557,0.2805012,0.26683354,0.232258894,0.229858786,0.258299012,0.262276322,0.284204536,0.286438748,0.26730202,0.272946839,0.289272324,0.298517629,0.289658651,0.317954325,0.26168558
0.2717983,0.2771,0.287610876,0.262384019,0.229608109,0.31141663,0.30958444,0.31409252,0.3229721,0.28863204,0.254793674,0.272815099,0.240577167,0.267130702,0.27344888,0.27138886,0.2825207,0.26781976,0.216854764,0.216549034,0.240731132,0.284817651,0.30303473,0.300583423,0.288313009,0.264350827,0.283188156,0.277100462,0.284528601,0.295087693,0.2770153
0.2722584,0.27419,0.283512318,0.256909121,0.228452941,0.30225277,0.29870206,0.30300626,0.30848426,0.2841502,0.26146924,0.27888898,0.249635225,0.274726081,0.2666251,0.25932387,0.27380893,0.26514018,0.211700343,0.204981886,0.230149052,0.283155787,0.294196151,0.271982436,0.275673893,0.240099727,0.28012311,0.273984491,0.282908287,0.285010866,0.27175853
0.2608983,0.2669567,0.277982012,0.273984131,0.235850115,0.29910737,0.29421714,0.2992468,0.2949953,0.2837744,0.271892007,0.287905048,0.265259244,0.289711815,0.2601983,0.25256446,0.27056357,0.26147473,0.20638996,0.19320501,0.217465871,0.277219663,0.271997936,0.241011811,0.245852566,0.222319272,0.279916844,0.273042462,0.280908718,0.270029316,0.265074
0.272905,0.3012716,0.281139088,0.255892529,0.268895506,0.2914305,0.286064,0.2883112,0.2781811,0.27347746,0.267520902,0.280580486,0.264609329,0.289829777,0.25597477,0.24529845,0.27033857,0.26058397,0.207956115,0.193651333,0.21496072,0.2729274,0.300156988,0.273230018,0.272432248,0.271755122,0.272279811,0.267996773,0.292523627,0.276935772,0.24803518
0.25822,0.2537067,0.262364768,0.273184689,0.283308461,0.30041048,0.29578248,0.2991852,0.28787085,0.28329176,0.254628789,0.265279595,0.253414596,0.276685961,0.25304127,0.24305168,0.27038613,0.25811425,0.223755388,0.210140625,0.230302773,0.276800664,0.307810571,0.301487432,0.287429258,0.297069834,0.249136105,0.247533462,0.265033331,0.262428984,0.26231194
0.2726566,0.2725184,0.281772714,0.27681451,0.277342475,0.29241338,0.2895284,0.28776625,0.2870415,0.27093363,0.264372406,0.278365198,0.262309611,0.294114343,0.25656214,0.244801,0.27569062,0.2597325,0.240675235,0.222228527,0.248014071,0.271430382,0.2977298,0.27895524,0.281768533,0.297484776,0.261428599,0.25834323,0.278643911,0.275783821,0.26023522
0.260655,0.25596,0.260371902,0.275687074,0.27749866,0.30108023,0.297391,0.29888457,0.29617885,0.28277242,0.251341149,0.267474704,0.247002273,0.273985177,0.2572524,0.25172156,0.27270293,0.25802174,0.23983903,0.22095788,0.248558515,0.276815027,0.295377311,0.285618676,0.27983685,0.282924864,0.264226723,0.260038132,0.28260442,0.281359235,0.26904196
0.2613999,0.2743399,0.275618138,0.27753628,0.279368098,0.29358405,0.29037008,0.28917876,0.28755444,0.2730332,0.249332182,0.261383733,0.241832412,0.268601559,0.25030673,0.24403329,0.26864722,0.25617203,0.236537494,0.217336763,0.246610494,0.275430024,0.27107752,0.256557407,0.25660203,0.244186257,0.247998135,0.245767973,0.269752433,0.271288846,0.26344398
0.2633601,0.260695,0.261944134,0.269814236,0.27323554,0.2933043,0.28947258,0.2888032,0.2871339,0.272847,0.259429378,0.275123587,0.252020599,0.273120226,0.25105134,0.24480811,0.2677951,0.2543434,0.235607452,0.215745989,0.245980242,0.273476832,0.282233356,0.26387516,0.260428343,0.253872794,0.257623611,0.257033583,0.275946278,0.272179618,0.2619703
0.2531184,0.253605,0.259387686,0.27587104,0.282716897,0.2944009,0.2904726,0.29026356,0.2884216,0.27461925,0.27734881,0.293787476,0.272720167,0.282623509,0.24766915,0.2409943,0.26533905,0.25255108,0.24363342,0.22340066,0.254443964,0.283737703,0.298694437,0.283862771,0.270049789,0.266399109,0.248531514,0.247468176,0.266024299,0.26277316,0.26380512
0.26696,0.2649549,0.269301988,0.268305109,0.27181074,0.2872505,0.28339383,0.2811481,0.28112295,0.26555923,0.268574913,0.280366601,0.265803049,0.2623034,0.25004125,0.24286689,0.26771203,0.25381774,0.242286752,0.22166158,0.253156584,0.27597734,0.279333471,0.271821466,0.250903949,0.247400287,0.258930433,0.25740488,0.278146591,0.272835794,0.25655615
0.2529567,0.2524934,0.259158312,0.272650388,0.282153585,0.2957265,0.29118726,0.29197237,0.2898036,0.27714607,0.255683158,0.274011781,0.244163313,0.26356688,0.248517,0.24280688,0.26546514,0.2527645,0.258455661,0.237676666,0.268830254,0.296639885,0.237301029,0.233995454,0.219677343,0.230167998,0.250813804,0.25007158,0.268328995,0.265477208,0.26398563
0.2658683,0.3138416,0.272604648,0.270743791,0.274778342,0.2868663,0.28291744,0.2805121,0.28058055,0.26559144,0.235987162,0.264350665,0.223761016,0.243969334,0.24904874,0.24152891,0.26740676,0.25426826,0.259043902,0.238054532,0.268824106,0.285980182,0.180263864,0.169505427,0.172612138,0.186508437,0.256315598,0.254708774,0.275741607,0.27021912,0.25542206
0.257615,0.2574317,0.265061244,0.268892311,0.278120637,0.29477102,0.2899921,0.29046017,0.28825426,0.27612367,0.242964128,0.26450087,0.228600463,0.261967504,0.24992213,0.24439844,0.26652133,0.253927,0.278606936,0.257777301,0.287322543,0.307937877,0.171207065,0.167448851,0.17054514,0.194162752,0.25535648,0.254621279,0.273245149,0.269409867,0.26235357
0.2621032,0.3138416,0.277452298,0.273340811,0.280028801,0.28997737,0.28578052,0.28420174,0.28341606,0.26967594,0.275050195,0.297781252,0.263355213,0.290181869,0.2500433,0.24243106,0.26864788,0.2555504,0.283763156,0.263079094,0.291190284,0.300455326,0.222288354,0.229591372,0.22192272,0.2414208,0.253040734,0.252113944,0.271580275,0.266867177,0.25856104
0.2629467,0.260435,0.260619626,0.2679663,0.274851251,0.29266107,0.28807566,0.2875297,0.2860971,0.27311873,0.24673281,0.267885265,0.240538696,0.261450595,0.2592719,0.25293967,0.27621862,0.2617197,0.303150369,0.282942164,0.309530969,0.317138039,0.24741779,0.255150751,0.239911412,0.264556059,0.260116204,0.259443252,0.278218141,0.272664307,0.26022252
0.3040383,0.2638699,0.260852292,0.274309537,0.282805148,0.29357237,0.28919154,0.28868213,0.28708246,0.27421057,0.330528301,0.344584714,0.325363983,0.334491375,0.27861544,0.27110273,0.29642227,0.281691,0.312332705,0.292801694,0.316846782,0.316602445,0.260231114,0.26976117,0.255048669,0.274121214,0.295523912,0.295204491,0.312628475,0.30830215,0.26162243
0.2947867,0.4594013,0.4017833,0.288089255,0.289188938,0.32218525,0.31789127,0.32396457,0.3177028,0.31102043,0.36403537,0.372336336,0.364430013,0.359055431,0.29345956,0.28927666,0.30837828,0.2964696,0.356335609,0.340761499,0.361148642,0.370049203,0.259013626,0.269302588,0.258661502,0.271949523,0.293419723,0.294945784,0.308871971,0.307095426,0.2812997
0.3193484,0.3416683,0.329711808,0.295700388,0.288911892,0.3200187,0.31782416,0.31961602,0.31402305,0.30527303,0.326724786,0.338734343,0.323256704,0.305100738,0.31656325,0.3122581,0.33507434,0.32141435,0.356043205,0.338587707,0.356393296,0.353593432,0.278854714,0.281576653,0.273247084,0.281134844,0.310583213,0.310653443,0.326829057,0.324006126,0.28090605
0.4197033,0.2860134,0.320802858,0.3041421,0.31129175,0.33848226,0.33642647,0.34217203,0.3335014,0.3267387,0.328687427,0.356574838,0.303762446,0.383044397,0.36686626,0.36331314,0.37968004,0.36856496,0.393996155,0.378860126,0.393980616,0.390101871,0.402377489,0.398729501,0.382498348,0.402770062,0.407791109,0.410578326,0.420827274,0.425426128,0.2922176
0.3492983,0.2789366,0.50806518,0.372806855,0.386784868,0.4070521,0.40599477,0.41971183,0.40509906,0.4092259,0.436275331,0.443455843,0.418997976,0.438257526,0.35230348,0.35576007,0.36609253,0.3645479,0.462276746,0.454345356,0.460467823,0.479299369,0.452323831,0.442324042,0.422547494,0.449074899,0.349996348,0.351516223,0.358904487,0.372041138,0.34198833
0.3515951,0.7589737,0.439259676,0.339063467,0.345363349,0.37058258,0.3740663,0.37117746,0.367571,0.35531047,0.389964485,0.388329155,0.39059009,0.399607568,0.33973932,0.3386372,0.35715666,0.3524211,0.428249329,0.411705905,0.422472692,0.417843963,0.394719998,0.373136984,0.363190013,0.37395347,0.324414288,0.32182723,0.340220825,0.344819539,0.32449567
0.365328,1.0879323,0.507454704,0.335903593,0.354041666,0.373516,0.37576404,0.3801714,0.37095088,0.3577216,0.248978952,0.21832863,0.253445768,0.242843621,0.335846,0.33920223,0.34862632,0.34093133,0.439459037,0.423057144,0.433457469,0.412632088,0.323318024,0.308141598,0.311961489,0.294364104,0.357357958,0.36169387,0.367500658,0.379231757,0.32314688
0.2816915,0.3115083,0.442992492,0.350993918,0.47867781,0.38282204,0.38515598,0.3902435,0.38365299,0.36904597,0.282724153,0.290092192,0.268258139,0.292034337,0.2986567,0.30474433,0.31139874,0.31008375,0.467680843,0.460814665,0.463334762,0.447106241,0.226450627,0.219742583,0.228755728,0.224729644,0.277851533,0.278039871,0.290339358,0.303042378,0.34506693
0.2918,0.2853049,0.30450238,0.300328731,0.462378974,0.32794082,0.33153537,0.3245034,0.32764727,0.29918513,0.420461428,0.436190412,0.40075815,0.381491418,0.2863112,0.28315276,0.29896528,0.2874988,0.392569217,0.378666979,0.37992691,0.394880003,0.303633614,0.292480302,0.29372515,0.292578584,0.273727816,0.272856178,0.292116838,0.292787395,0.29972842
0.28792,0.2786234,0.301481264,0.293712041,0.302798101,0.32661033,0.3281661,0.3289991,0.3293615,0.30295545,0.199509345,0.22115804,0.198213959,0.25944829,0.28613967,0.28327,0.297142,0.28005713,0.431926237,0.423191143,0.432696154,0.43867122,0.460960397,0.448023878,0.419932498,0.435188079,0.289744621,0.294574273,0.298259613,0.308163927,0.29352894
0.2791967,0.28294,0.288072886,0.29743788,0.299249838,0.3203703,0.32125646,0.32359228,0.32337308,0.2997295,0.151846385,0.191732417,0.139503547,0.16900616,0.27848196,0.2769422,0.29127076,0.27792284,0.417148579,0.417884381,0.389446771,0.515872898,0.401013095,0.374147321,0.385221073,0.406299398,0.279799229,0.276874128,0.293567684,0.292538455,0.28374648
0.2885082,0.2933967,0.293308716,0.288077383,0.353846349,0.31134224,0.3108367,0.31261453,0.30924898,0.29142115,0.141299449,0.190551922,0.132055014,0.182520455,0.27531794,0.27276427,0.28985083,0.27634725,0.432967815,0.432323098,0.415562282,0.559136994,0.338483247,0.314233778,0.789660761,0.425086263,0.283472638,0.281441218,0.298730828,0.296599877,0.2849979
0.2696866,0.2719517,0.301403204,0.298981393,0.354962243,0.31618807,0.31540966,0.31936353,0.31488848,0.29892293,0.250999926,0.22795439,0.281719599,0.283524418,0.29554653,0.2964638,0.3128742,0.30011967,0.476098482,0.468692192,0.374118998,0.584589354,0.34242246,0.384221306,0.753269379,0.384405711,0.26178903,0.27953678,0.281710348,0.26699528,0.2871236
0.2809499,0.2915149,0.288862912,0.282779032,0.280525024,0.30332246,0.30205867,0.30209225,0.29848537,0.28266743,0.496916236,0.473718184,0.48262479,0.432733772,0.45547625,0.46788764,0.47355008,0.46164364,0.524507697,0.503976527,0.478636097,0.590437061,0.534591708,0.708907675,0.873891509,0.528216342,0.315785068,0.358343359,0.347089251,0.386177493,0.2711518
1.2283213,0.2758967,0.272793988,0.285054357,0.288255714,0.30952126,0.30721158,0.31023252,0.3033709,0.29137096,1.082930803,1.044067419,1.032066052,0.945734384,1.0337602,1.0382774,1.1099168,1.0395154,0.599400616,0.562363554,0.433069122,0.594328029,1.040760337,1.308853559,1.580183753,1.027103174,1.284098116,1.238763109,1.29068154,1.142938309,0.2779351
1.679895,1.3883887,0.78571065,0.580523472,0.365764049,0.6820943,0.7011552,0.6520432,0.6927464,0.65379393,1.477950531,1.494020825,1.420050095,1.476899567,1.2802088,1.2698245,1.2542114,1.1997896,1.233458515,1.176454203,1.276825551,1.065865517,1.054382131,1.314890922,1.017130809,1.054907135,1.685889436,1.61526512,1.61209557,1.632008396,0.72724515
0.6169386,1.2728,0.7145267,0.497025116,0.564383067,0.6943313,0.68916893,0.6703248,0.7317336,0.6472851,1.074765031,1.023219298,1.031758661,1.161210305,0.5525963,0.53788286,0.6151205,0.6296699,0.765375533,0.709592051,0.689712926,0.75323386,0.701963132,0.741167409,0.711042841,0.647167183,0.620483869,0.615537931,0.592306289,0.638222437,1.0112474
0.2840484,0.4366099,0.460569106,0.455439666,0.564640125,0.54866415,0.58342695,0.5958839,0.63439626,0.5741501,0.130923574,0.295827788,0.147748388,0.302236989,0.45402038,0.57332194,0.46840632,0.49565825,0.754553265,0.756066081,0.817514696,0.752582331,0.467537765,0.511629654,0.464800348,0.52571683,0.456388687,0.481306581,0.436307332,0.511806597,0.5958818
0.2878767,0.4860987,0.366569698,0.448568472,0.098210674,0.4063649,0.39458686,0.3853808,0.40361717,0.3188694,0.062497013,0.079901592,0.042826851,0.052791735,0.48804954,0.53047246,0.4430506,0.47760475,0.457437728,0.415487438,0.597529475,0.505349717,0.479889486,0.54318755,0.475862534,0.671312564,0.232901598,0.290326115,0.258471096,0.359797112,0.3739273
1.325362,0.2794449,0.436159404,0.439451192,0.633681773,0.34547552,0.33087623,0.2965946,0.33842686,0.30139938,1.158357333,1.094286177,1.062274823,1.143290121,1.0037937,1.0627817,0.9577443,0.92976654,0.375438533,0.342884809,0.450589302,0.429330806,0.849264544,0.903713768,1.505271883,1.052422926,1.388640382,1.230781007,1.289026816,1.246862224,0.43078414
0.642734,0.3025667,0.586871784,0.41298127,0.374094773,0.6154965,0.6851422,0.6662287,0.7051298,0.6585572,1.171045021,1.159745995,1.033404566,1.055179333,0.6315646,0.58120155,0.7206649,0.7257797,0.585987057,0.643711494,0.629862918,0.778617241,0.841557755,0.882548537,0.854171361,0.954653651,0.780074522,0.76231731,0.759142793,0.891093865,0.9261292
0.8406563,0.612634,0.444497328,0.411613775,0.389327299,0.45006338,0.48405683,0.45370597,0.51464826,0.53572714,0.529592698,0.687185554,0.536090634,0.739717109,0.78354585,0.766023,0.67913985,0.6137943,0.457142421,0.4753745,0.479356131,0.556677731,0.723130086,0.720410748,0.693989892,0.707422799,0.800787262,0.845777328,0.758475347,0.742398146,0.661065
0.6539666,0.2976618,0.649227826,0.410939043,0.213613869,0.5336147,0.572224,0.58984214,0.56211674,0.60427326,0.662114914,0.56976383,0.727367952,0.561274303,0.5830498,0.53517646,0.6687341,0.6637907,0.460660052,0.465412945,0.462845396,0.597032884,0.61771837,0.606344508,0.563625681,0.586150464,0.654440284,0.596613572,0.618489855,0.666503267,0.71565455
0.8957343,0.4767084,0.625102386,0.408217556,0.397250068,0.5136885,0.5071264,0.52298945,0.5095172,0.5477369,0.748915288,0.784636324,0.683522571,0.753844046,0.6893372,0.72793776,0.72296834,0.71795297,0.441042323,0.464621691,0.469443952,0.559263655,0.559534321,0.534900905,0.529627196,0.542018793,0.853989041,0.835848023,0.889869303,0.830546028,0.6294657
0.45729,0.8707147,0.957434844,0.436634843,0.526304311,0.6189857,0.620712,0.62462926,0.6583026,0.61638826,0.419230697,0.474410666,0.403609888,0.382901218,0.5433356,0.5259947,0.57778215,0.54356617,0.505810929,0.525671526,0.553562012,0.587913846,0.524858969,0.618855468,0.542423746,0.528334187,0.47899112,0.473385857,0.424029667,0.485910192,0.7358409
0.3767,0.4175117,0.442724902,0.382521373,0.605003603,0.45670637,0.45741037,0.4492605,0.4999528,0.4498324,0.395855388,0.389767701,0.409313037,0.549921981,0.43490797,0.45677736,0.43512207,0.43985614,0.426985368,0.445310396,0.493300016,0.518140943,0.445460568,0.488680383,0.429906267,0.485594833,0.363247706,0.350336784,0.404599038,0.422650119,0.5313291
0.2625233,0.652627,0.450330848,0.346533685,0.217896254,0.37597653,0.37838447,0.37000167,0.3973209,0.38795745,0.248583959,0.34547577,0.230143534,0.196827253,0.29705656,0.297974,0.30728585,0.30043152,0.331842004,0.315728984,0.350260969,0.379557648,0.322537023,0.346461359,0.293403839,0.352651442,0.287652031,0.31032242,0.294355143,0.374743848,0.39974305
0.2232985,0.2660734,0.28137309,0.334609785,0.2345789,0.28936315,0.27874434,0.27526417,0.2745695,0.28850153,0.291218149,0.338719787,0.2618754,0.379398554,0.22835661,0.20825712,0.24811324,0.2559522,0.264878008,0.234005378,0.269511657,0.319671769,0.256327871,0.257404803,0.260079005,0.259619694,0.229017396,0.229537494,0.240731038,0.273009843,0.3688752
0.224385,0.2404365,0.321625224,0.299257127,0.254744416,0.26867378,0.25829452,0.2450411,0.27041832,0.24257892,0.314368932,0.270473293,0.32388642,0.276541635,0.20757599,0.2015953,0.21976334,0.22281054,0.248463038,0.251572657,0.276985057,0.292136662,0.243079609,0.193494667,0.244605501,0.240351786,0.201486297,0.209186785,0.21898374,0.213564165,0.24971959
0.2138667,0.2138999,0.22109917,0.261504451,0.246409416,0.26048642,0.2468029,0.24754545,0.25603703,0.2375134,0.35309821,0.339298781,0.307116983,0.279559249,0.22164983,0.20915301,0.2291315,0.21935265,0.251679235,0.259763958,0.277884701,0.313465091,0.34493252,0.312799061,0.319593703,0.274011411,0.293347759,0.269121478,0.263131674,0.254439765,0.25719103
0.2154433,0.2262951,0.225609652,0.258614269,0.273012857,0.2512726,0.23910466,0.23809753,0.24441904,0.22718528,0.338620623,0.34411284,0.304798996,0.265948084,0.20868835,0.19449176,0.22145838,0.21329498,0.242493399,0.242398562,0.257618401,0.316782763,0.366685901,0.375992841,0.350940751,0.282204826,0.213087187,0.199776273,0.247193091,0.230426712,0.20153148
0.2187082,0.2262951,0.222271136,0.271218842,0.285617389,0.24775803,0.23337495,0.23263742,0.22352172,0.2270157,0.36738779,0.273917917,0.296073894,0.240874754,0.20347425,0.19798763,0.22265147,0.21229906,0.251828789,0.252768071,0.257167426,0.342956772,0.313817489,0.374594068,0.360847624,0.245277555,0.237279389,0.224148224,0.258405105,0.229238162,0.20781451
0.20706,0.2262183,0.278931114,0.227627339,0.250588961,0.25072867,0.24089581,0.23690178,0.23729596,0.22976518,0.326384214,0.197732465,0.224208726,0.268084354,0.20127949,0.18531299,0.21583119,0.20850614,0.305348647,0.293671444,0.252862948,0.375487674,0.196829792,0.162562815,0.233920157,0.198763146,0.18797293,0.188159813,0.215226631,0.207090988,0.20955981
0.2195833,0.2262183,0.285829088,0.225313202,0.268062543,0.24219288,0.23083468,0.22189492,0.2260813,0.2196963,0.285857235,0.153205584,0.165314686,0.2297947,0.19891158,0.18435396,0.22064112,0.20944513,0.354886509,0.328563357,0.2996264,0.365780845,0.212455489,0.124277544,0.211399953,0.216470979,0.223622155,0.21440718,0.252976731,0.228658528,0.20685294
0.210505,0.578597,0.474314958,0.23302083,0.271507037,0.25000158,0.2368074,0.22835411,0.23698148,0.2295887,0.209534381,0.170011012,0.119785803,0.214966305,0.2020171,0.18797354,0.21977395,0.20896822,0.378828286,0.337054706,0.255457007,0.355630563,0.240733192,0.217015021,0.22341574,0.236802666,0.19737614,0.194547255,0.227165267,0.227671585,0.21570927
0.2166783,0.578597,0.505020852,0.237013336,0.269955684,0.24437582,0.23149303,0.2206373,0.23175298,0.22268999,0.135393207,0.157104256,0.085980608,0.15673963,0.20126732,0.18888132,0.22094518,0.2104146,0.372077773,0.32974201,0.306442,0.33239135,0.256197882,0.267812896,0.236037664,0.239256423,0.209646314,0.204733289,0.236435293,0.225955921,0.21231602
0.2173666,0.578597,0.45846404,0.232987513,0.268698572,0.24808584,0.2344002,0.2243504,0.23532763,0.22732115,0.126304197,0.147937628,0.09820837,0.225806933,0.20022826,0.19106102,0.22073022,0.21106589,0.338678047,0.30269899,0.266902445,0.302623385,0.230419889,0.232867177,0.216520735,0.214486614,0.210898196,0.20763185,0.237340601,0.229234877,0.21481846
0.2107283,0.578597,0.491384338,0.239522075,0.273084902,0.24906325,0.23566066,0.22573532,0.23667312,0.22849579,0.175225552,0.198297605,0.149405569,0.293915012,0.19597445,0.18699665,0.2183933,0.20989983,0.333883397,0.302960536,0.283802422,0.301265349,0.197712519,0.170443431,0.186829483,0.187559762,0.203967453,0.201014419,0.229273792,0.219484594,0.21601816
0.2194502,0.578597,0.458513138,0.234007487,0.266723649,0.24458183,0.23132539,0.22004229,0.23158339,0.22273134,0.22751589,0.31676854,0.204075143,0.258455504,0.19721447,0.18859582,0.21988915,0.21062247,0.294631264,0.265259846,0.256465753,0.263925218,0.199672866,0.16910106,0.185207714,0.193345561,0.21250987,0.209331127,0.238158224,0.225860004,0.21228871
0.2107683,0.578597,0.458208806,0.237291841,0.273417336,0.2502356,0.23648594,0.22683896,0.23770103,0.22981493,0.249908046,0.330111808,0.24464928,0.257081605,0.19827491,0.18964623,0.22099794,0.21094276,0.30412109,0.280229085,0.279095832,0.28422726,0.208734106,0.190144341,0.192098421,0.203379327,0.206459686,0.204367005,0.230337601,0.219351813,0.21609809
0.2241234,0.578597,0.491433436,0.237570977,0.269127273,0.24475873,0.23168087,0.22043206,0.23232853,0.22294042,0.278461391,0.2696895,0.29041526,0.229211134,0.20876437,0.19823737,0.2318365,0.21892093,0.271720933,0.247423457,0.252287169,0.259556008,0.2180358,0.212144372,0.204001649,0.212249237,0.218160097,0.214982139,0.24296141,0.228975173,0.21175835
0.2690249,0.578597,0.4573054,0.235956226,0.271978079,0.2536111,0.23995873,0.2312587,0.24139589,0.23398232,0.281657702,0.283125323,0.27542438,0.252505668,0.22951014,0.22003809,0.25053164,0.23867458,0.285104518,0.265615185,0.273000873,0.279843202,0.214566761,0.213865073,0.204188995,0.214446233,0.263537492,0.261073061,0.286374754,0.275508177,0.21866947
0.2312283,0.578597,0.523547344,0.252846448,0.286325199,0.28684205,0.27406257,0.2734135,0.2770379,0.27565843,0.263028867,0.301971338,0.232929386,0.286394859,0.22078158,0.21556392,0.24070752,0.23522098,0.294920464,0.277326295,0.285715999,0.301310317,0.20128145,0.201067954,0.199751394,0.223504292,0.229135754,0.226974144,0.250365265,0.245052599,0.24156144
0.2202316,0.578597,0.424963028,0.250307564,0.270004508,0.26573214,0.25698364,0.24874595,0.25319597,0.24536538,0.211774677,0.235013052,0.169126939,0.23942902,0.2036487,0.19809823,0.22808278,0.22213532,0.270070674,0.251883883,0.26497601,0.272412489,0.203179983,0.195720344,0.196848122,0.21712632,0.206842198,0.203409251,0.230962986,0.221821724,0.22760348
0.21517,0.2349101,0.429828154,0.242843054,0.271407807,0.25721717,0.24713364,0.23726633,0.2441334,0.23292117,0.186918097,0.234710794,0.150236921,0.182724174,0.19994694,0.1947964,0.22278562,0.2127247,0.255744685,0.239867794,0.252241779,0.251211661,0.207247493,0.198735496,0.196104747,0.211670558,0.209562492,0.209050489,0.231490618,0.22552865,0.22055809
0.2245783,0.7376403,0.438693598,0.24894207,0.277541024,0.25215542,0.24183388,0.23199777,0.24128868,0.22737104,0.172192622,0.214023919,0.147180034,0.218701277,0.20337251,0.1955218,0.22688249,0.21561071,0.260653949,0.249090621,0.259216392,0.261182111,0.233002563,0.231140041,0.222043294,0.227423871,0.217808198,0.214971407,0.23968533,0.230562106,0.21894611
0.2137183,0.578597,0.432214678,0.241967836,0.271242505,0.2570303,0.24653037,0.23909965,0.24831668,0.23508325,0.188911012,0.22817113,0.171762037,0.228191556,0.21440172,0.20621873,0.23810966,0.22201727,0.25631984,0.248092636,0.256699879,0.261553723,0.252523769,0.248914495,0.236533713,0.229791795,0.212160404,0.209690165,0.234304994,0.220938174,0.22388399
0.2752167,0.578597,0.422543398,0.247487482,0.273389605,0.24906899,0.23891853,0.22938451,0.240463,0.22619893,0.2576558,0.296416965,0.238094679,0.300454211,0.2557657,0.24503739,0.27831453,0.2590701,0.256755035,0.249930555,0.257912141,0.261972624,0.305029181,0.295934628,0.281606803,0.269188206,0.271656348,0.270746384,0.292285124,0.277763932,0.2165962
0.3669103,0.2476017,0.294845516,0.253103822,0.274269865,0.2911024,0.2797591,0.28196698,0.28375542,0.2804403,0.325618624,0.373831465,0.316247394,0.348222251,0.31222004,0.3049938,0.32490873,0.31918725,0.282575843,0.280244218,0.284443711,0.307240617,0.365236594,0.34880412,0.334181233,0.327461411,0.368093277,0.36919372,0.385442731,0.379764717,0.253976
0.3026016,0.2483834,0.355041224,0.302913238,0.319235377,0.35985702,0.35151568,0.36343947,0.35155123,0.36514553,0.353337596,0.399097868,0.348036365,0.367355818,0.300108,0.2972901,0.3167162,0.31528673,0.327256572,0.324438882,0.32682224,0.362779142,0.35836444,0.337505577,0.327890464,0.338133573,0.300997875,0.300965472,0.316188871,0.319513041,0.2980197
0.316735,0.3744633,0.390290144,0.291394389,0.282189759,0.3279504,0.32650143,0.3234597,0.31731856,0.31345528,0.327382731,0.374094625,0.325140582,0.337208863,0.29334128,0.28625178,0.3157369,0.3065982,0.293982041,0.29090717,0.297588474,0.316572017,0.368699079,0.354514637,0.339523147,0.338019499,0.289429309,0.288304386,0.306057985,0.305226177,0.27895007
0.3086417,0.2483834,0.421557708,0.30231428,0.275401979,0.34054667,0.33793733,0.34125215,0.3310281,0.32498893,0.323643343,0.359143009,0.314053681,0.334606511,0.296799,0.29730904,0.31586987,0.30452418,0.308906903,0.30665118,0.309974465,0.324919572,0.358576212,0.350915093,0.330867329,0.330085475,0.305134177,0.309393971,0.315567413,0.319954371,0.27996248
0.3011916,0.3339799,0.420703314,0.315357686,0.291897882,0.33801576,0.3376186,0.33901095,0.33251128,0.31915843,0.374815747,0.416513242,0.354230209,0.375328587,0.3110531,0.31195447,0.33317804,0.32089606,0.297688322,0.300375513,0.305197848,0.319168169,0.362915,0.357760524,0.343474956,0.335772014,0.293431156,0.291020105,0.30923355,0.311956183,0.28834143
0.4299806,0.2808017,0.465649764,0.303067816,0.367104155,0.33262795,0.3335663,0.33464602,0.33122662,0.31233856,0.420533392,0.478930262,0.394525447,0.421708275,0.36151195,0.36071548,0.38205197,0.36339578,0.294722657,0.29906208,0.304871082,0.319824262,0.406775963,0.396214729,0.392294793,0.380637592,0.412886501,0.41249626,0.427885872,0.431742693,0.2821146
0.3121018,0.365128,0.583291006,0.380892489,1.127258583,0.41405365,0.4153719,0.43116152,0.42039034,0.416567,0.457812959,0.515043109,0.42603535,0.48935399,0.3211665,0.33463317,0.34138596,0.34013852,0.32956236,0.333056302,0.341717616,0.373543369,0.370064576,0.367486634,0.351566045,0.374088845,0.323089209,0.327071474,0.330352242,0.347740574,0.35608506
0.2901733,0.3355249,0.493138282,0.331292984,0.485265644,0.34515896,0.35015005,0.3408849,0.34517294,0.32412294,0.467289107,0.531360474,0.449266918,0.521684077,0.2852288,0.29100898,0.30463618,0.3046982,0.284477782,0.293229907,0.301278732,0.322239654,0.357663522,0.351431054,0.333352532,0.3243342,0.309362539,0.307237343,0.32577437,0.324381395,0.31144685
